﻿<?xml version="1.0" encoding="utf-8"?>
<config>

	<!-- !!! DO NOT MODIFY THIS FILE !!! -->
	<!-- You have to put your UI customization elements into \config\ui_user folder -->

	<templates>
		<summoned enabled="1" />
		<danger enabled="1" />
	</templates>

	<actors>

		<!-- SUMMONED ACTORS -->

		<!-- hydra -->
		<hydra template="summoned" keywords="snos=81515|81229|325807|83024|83959,summoned_by_me">
			<map_shape enabled="1" radius="4" ping_speed="0" shape="triangle" color="255,255,100,100" stroke="2" />
		</hydra>

		<!-- sentry -->
		<sentry template="summoned" keywords="snos=141402|150025|150024|168815|150026|150027,summoned_by_me">
			<map_shape enabled="1" radius="4" ping_speed="0" shape="triangle" color="255,240,148,32" stroke="2" />
		</sentry>

		<!-- ELITE/BOSS AFFIXES -->

		<!-- frozen -->
		<frozen_ball template="danger" keywords="snos=223675" extra_decorators="deco_outline/ground_circle">
			<ground_circle enabled="0" radius="15.8" ping_speed="0" color="16,200,200,255" stroke="0" dash="Dash" />
			<deco_outline enabled="1" radius="15.8" ping_speed="0" color="128,200,200,255" stroke="3" dash="Dash" />
		</frozen_ball>

		<!-- molten -->
		<molten template="danger" keywords="snos=4803|4804|224225|247987">
			<ground_circle enabled="1" radius="13" ping_speed="0" color="160,255,50,50" stroke="3" dash="Dash" />
		</molten>

		<!-- desecrator -->
		<desecrator template="danger" keywords="snos=84608">
			<ground_circle enabled="1" radius="8" ping_speed="0" color="160,255,50,50" stroke="3" dash="Dash" />
		</desecrator>

		<!-- thunderstorm -->
		<thunderstorm template="danger" keywords="snos=341512" extra_decorators="deco_outline/ground_circle">
			<ground_circle enabled="1" radius="16" ping_speed="0" color="16,200,200,255" stroke="0" dash="Dash" />
			<deco_outline enabled="1" radius="16" ping_speed="0" color="128,200,200,255" stroke="3" dash="Dash" />
		</thunderstorm>

		<!-- plagued, herald of pestilence pool -->
		<plagued template="danger" keywords="snos=108869|3865" extra_decorators="deco_outline/ground_circle">
			<ground_circle enabled="0" radius="12" ping_speed="0" color="16,160,255,160" stroke="0" dash="Dash" />
			<deco_outline enabled="1" radius="12" ping_speed="0" color="128,160,255,160" stroke="3" dash="Dash" />
		</plagued>

		<!-- Ghom -->
		<ghom template="danger" keywords="snos=93837" extra_decorators="deco_outline/ground_circle">
			<ground_circle enabled="0" radius="20" ping_speed="0" color="16,160,255,160" stroke="0" dash="Dash" />
			<deco_outline enabled="1" radius="20" ping_speed="0" color="128,160,255,160" stroke="3" dash="Dash" />
		</ghom>

		<!-- arcane -->
		<arcane template="danger" keywords="snos=219702|221225|257306">
			<ground_circle enabled="1" radius="6" ping_speed="0" color="128,255,60,255" stroke="3" dash="Dash" />
		</arcane>

		<!-- frozen pulse -->
		<frozen_pulse template="danger" keywords="snos=349774">
			<ground_circle enabled="1" radius="14" ping_speed="0" color="128,200,200,255" stroke="3" dash="Dash" />
		</frozen_pulse>

</actors>

</config>