﻿<?xml version="1.0" encoding="utf-8"?>
<config>

	<!-- !!! DO NOT MODIFY THIS FILE !!! -->
	<!-- You have to put your UI customization elements into \config\ui_user folder -->

	<actors>

		<!-- range for "Strength in Numbers" buff in multiplayer games -->
		<experience_bonus_range enabled="0" speech_text="" keywords="player_me">
			<map_shape enabled="1" radius="200" ping_speed="0" shape="circle" color="5,255,255,255" stroke="0" noshadow="1" />
			<conditions only_multiplayer="1" only_out_town="1" />
		</experience_bonus_range>

		<!-- dead bodies -->
		<dead_body enabled="0" speech_text="" keywords="dead_body">
			<map_shape enabled="1" radius="2" ping_speed="0" shape="rectangle" color="255,230,200,230" stroke="1" />
		</dead_body>

		<!-- clickables -->
		<clickable enabled="1" speech_text="" keywords="clickable">
			<ground_shape enabled="1" shape="x" radius="2" ping_speed="0" color="192,230,200,230" stroke="2" />
			<map_shape enabled="1" radius="6" ping_speed="0" shape="cross" color="255,230,200,230" stroke="1" />
			<conditions active_buffs="318881/0" />
		</clickable>

		<!-- power globe -->
		<power_globe enabled="1" speech_text="" keywords="power_globe">
			<map_shape enabled="1" radius="6" ping_speed="0" shape="circle" color="255,240,240,120" stroke="0" />
			<ground_label enabled="1" on_screen="0" off_screen="1" text="default">
				<body enabled="1" color="255,240,240,120" stroke="0" />
				<text font_family="tahoma" font_size="6.5" font_bold="0" font_color="255,0,0,0" font_shadow="0" />
			</ground_label>
		</power_globe>

		<!-- rift orb -->
		<rift_orb enabled="1" speech_text="" keywords="rift_orb">
			<map_shape enabled="1" radius="6" ping_speed="0" shape="circle" color="255,240,120,240" stroke="0" />
			<ground_label enabled="1" on_screen="0" off_screen="1" text="default">
				<body enabled="1" color="255,240,120,240" stroke="0" />
				<text font_family="tahoma" font_size="6.5" font_bold="0" font_color="255,0,0,0" font_shadow="0" />
			</ground_label>
		</rift_orb>

		<!-- normal chests -->
		<chest_normal enabled="1" speech_text="" keywords="chest_normal">
			<map_shape enabled="1" radius="6" ping_speed="0" shape="circle" color="255,200,255,200" stroke="1" />
		</chest_normal>

		<!-- resplendent chests -->
		<chest_resplendent enabled="1" speech_text="" keywords="chest_resplendent">
			<map_shape enabled="1" radius="6" ping_speed="0" shape="circle" color="255,64,255,64" stroke="2" />
		</chest_resplendent>

		<!-- shrines -->
		<shrine_all enabled="1" speech_text="" keywords="shrine_all">
			<map_shape enabled="1" radius="4" ping_speed="0" shape="rectangle" color="255,255,255,64" stroke="2" />
			<ground_label enabled="1" on_screen="0" off_screen="1" text="default">
				<body enabled="1" color="255,255,255,64" stroke="0" />
				<text font_family="tahoma" font_size="6.5" font_bold="0" font_color="255,0,0,0" font_shadow="0" />
			</ground_label>
		</shrine_all>

		<!-- tiered rift pylon possible spawn locations -->
		<rift_pylon_spawn_location enabled="1" speech_text="" keywords="snos=428690">
			<map_shape enabled="1" radius="5" ping_speed="0" shape="circle" color="192,255,255,55" stroke="3" />
			<map_label enabled="1" text="pylon?">
				<text font_family="tahoma" font_size="6" font_bold="0" font_color="192,255,255,55" font_shadow="1">
					<custom_shadow enabled="1" heavy="1" color="128,0,0,0" />
				</text>
			</map_label>
		</rift_pylon_spawn_location>

		<!-- healing wells -->
		<healing_well enabled="1" speech_text="" keywords="healing_well">
			<map_shape enabled="1" radius="6" ping_speed="0" shape="healingwell" color="255,255,128,128" stroke="1" />
			<ground_label enabled="1" on_screen="0" off_screen="0" text="default">
				<body enabled="1" color="255,255,255,64" stroke="0" />
				<text font_family="tahoma" font_size="6.5" font_bold="0" font_color="255,0,0,0" font_shadow="0" />
			</ground_label>
		</healing_well>

		<!-- pool of reflection -->
		<pool_of_reflection enabled="1" speech_text="" keywords="pool_of_reflection">
			<map_shape enabled="1" radius="4" ping_speed="0" shape="circle" color="255,255,255,64" stroke="2" />
			<ground_label enabled="1" on_screen="0" off_screen="1" text="default">
				<body enabled="1" color="255,255,255,64" stroke="0" />
				<text font_family="tahoma" font_size="6.5" font_bold="0" font_color="255,0,0,0" font_shadow="0" />
			</ground_label>
		</pool_of_reflection>

		<!-- cursed chests and shrines -->
		<cursed_event enabled="1" speech_text="" keywords="cursed_event">
			<map_shape enabled="1" radius="8" ping_speed="0" shape="circle" color="255,255,64,64" stroke="2" />
			<ground_label enabled="1" on_screen="0" off_screen="1" text="default">
				<body enabled="1" color="255,255,64,64" stroke="0" />
				<text font_family="tahoma" font_size="6.5" font_bold="0" font_color="255,255,255,255" font_shadow="0" />
			</ground_label>
		</cursed_event>

		<!-- racks -->
		<rack_all enabled="1" speech_text="" keywords="rack_all">
			<map_shape enabled="1" radius="4" ping_speed="0" shape="circle" color="255,64,255,64" stroke="1" />
		</rack_all>

		<!-- scene hints -->
		<scene_hints enabled="1" speech_text="" keywords="scenehint">
			<map_shape enabled="1" radius="0" ping_speed="0" shape="door" color="200,255,200,0" stroke="2" />
			<map_label enabled="1" text="default">
				<text font_family="tahoma" font_size="6" font_bold="0" font_color="200,255,200,0" font_shadow="1">
					<custom_shadow enabled="1" heavy="1" color="128,0,0,0" />
				</text>
			</map_label>
		</scene_hints>

		<!-- portals -->
		<portal enabled="1" speech_text="" keywords="portal">
			<map_shape enabled="1" radius="6" ping_speed="0" shape="door" color="200,255,255,0" stroke="2" />
			<map_label enabled="1" text="default">
				<text font_family="tahoma" font_size="6" font_bold="0" font_color="200,255,255,0" font_shadow="1">
					<custom_shadow enabled="1" heavy="1" color="128,0,0,0" />
				</text>
			</map_label>
		</portal>

		<!-- pings by banners -->
		<banner_ping enabled="1" speech_text="" keywords="banner_ping">
			<ground_label enabled="1" on_screen="0" off_screen="1" text="BANNER">
				<body enabled="1" color="255,200,0,0" stroke="0" />
				<border enabled="1" color="192,255,255,255" stroke="1" />
				<text font_family="tahoma" font_size="6.5" font_bold="1" font_color="255,255,255,255" font_shadow="0" />
			</ground_label>
		</banner_ping>

	</actors>

</config>