﻿<?xml version="1.0" encoding="utf-8"?>
<config>

	<!-- !!! DO NOT MODIFY THIS FILE !!! -->
	<!-- You have to put your UI customization elements into \config\ui_user folder -->

	<templates>

		<default enabled="1">
			<position x="10" w="80" container="Root.NormalLayer.game_dialog_backgroundScreenPC.game_progressBar_healthBall" />
			<title font_family="tahoma" font_bold="1" font_shadow="1" font_halign="Right">
				<custom_shadow enabled="1" heavy="1" color="128,0,0,0" />
			</title>
		</default>

	</templates>

	<labels>

		<!-- current health -->
		<hp_cur template="default" expression="*hp-cur-nok">
			<position y="22" h="20" />
			<title font_size="11" font_color="255,255,255,164" />
		</hp_cur>

		<!-- current effective healing % (based on the floating numbers) (= 'healing' - 'damage taken') -->
		<healing_net enabled="1" template="default" expression="*net-healing-nok" >
			<position y="35" h="20" />
			<title font_size="8" font_color="255,200,200,200" />
		</healing_net>

		<!-- current healing (based on the floating numbers) -->
		<healing_cur enabled="0" template="default" expression="*hps-cur-plus-nok" >
			<position y="35" h="20" />
			<title font_size="8" font_color="255,164,255,164" />
		</healing_cur>

		<!-- current taken damage (based on the floating numbers) -->
		<damage_taken_cur enabled="0" template="default" expression="*dtps-cur-minus-nok" >
			<position y="47" h="20" />
			<title font_size="8" font_color="255,255,164,164" />
		</damage_taken_cur>

		<!-- active shield -->
		<shield template="default" expression="*shield-nok" >
			<position y="59" h="20" />
			<title font_size="8" font_color="255,230,230,255" >
			</title>
		</shield>

	</labels>

</config>