﻿<?xml version="1.0" encoding="utf-8"?>
<config>

	<!-- !!! DO NOT MODIFY THIS FILE !!! -->
	<!-- You have to put your UI customization elements into \config\ui_user folder -->

	<templates>

		<items_with_circle enabled="1" speech_text="" >
			<ground_circle enabled="1" radius="1.25" ping_speed="0" color="192,255,255,0" stroke="3" />
		</items_with_circle>

	</templates>

	<items>

		<!-- legendary -->
		<legendary enabled="0" keywords="legendary_regular,unidentified">
			<map_shape enabled="1" radius="8" ping_speed="333" shape="triangle-rotate" color="255,255,160,0" stroke="3" />
			<ground_circle enabled="1" radius="1.50" ping_speed="0" color="192,255,160,0" stroke="4" />
			<ground_label enabled="1" on_screen="1" off_screen="1" text="default">
				<body enabled="1" color="160,0,0,0" stroke="0" />
				<text font_family="tahoma" font_size="7.0" font_bold="0" font_color="255,255,160,0" font_shadow="0" />
			</ground_label>
		</legendary>

		<!-- ancient legendary -->
		<ancient_legendary enabled="0" keywords="legendary_ancient,unidentified">
			<map_shape enabled="1" radius="11" ping_speed="333" shape="triangle-rotate" color="255,255,120,0" stroke="3" />
			<ground_circle enabled="1" radius="2.00" ping_speed="333" color="192,255,120,0" stroke="4" />
			<ground_label enabled="1" on_screen="1" off_screen="1" text="default">
				<body enabled="1" color="160,0,0,0" stroke="0" />
				<text font_family="tahoma" font_size="7.0" font_bold="1" font_color="255,255,120,0" font_shadow="0" />
			</ground_label>
		</ancient_legendary>

		<!-- uber items, Rift Keystone Fragment, Greater Rift Keystone -->
		<important_utility template="items_with_circle" keywords="groups=uber|riftkeystone">
			<map_shape enabled="1" radius="8" ping_speed="333" shape="triangle-rotate" color="255,255,160,0" stroke="3" />
			<ground_circle enabled="1" radius="1.50" ping_speed="0" color="192,255,160,0" stroke="4" />
		</important_utility>

		<!-- rare -->
		<rare template="items_with_circle" keywords="rare_only,keep">
			<map_shape enabled="1" radius="6" ping_speed="333" shape="circle" color="255,255,255,0" stroke="0" />
		</rare>

		<!-- magic -->
		<magic template="items_with_circle" keywords="magic_only,keep" />

		<!-- white -->
		<white template="items_with_circle" keywords="white_only,keep" />

		<!-- examples for more complex filters -->
		<examples container="1" enabled="0" >

			<!-- jewelry -->
			<jewelry template="items_with_circle" keywords="rare_only,groups=ring|amulet" />

			<!-- weapons -->
			<weapon template="items_with_circle" keywords="rare_only,groups=weapons" />

			<!-- offhands -->
			<offhand template="items_with_circle" keywords="rare_only,groups=offhands" />

			<!-- bracers -->
			<bracer template="items_with_circle" keywords="rare_only,groups=bracers" />

			<!-- chestarmors -->
			<chestarmors template="items_with_circle" keywords="rare_only,groups=chestarmor|cloak" />

			<!-- shoulders -->
			<shoulders template="items_with_circle" keywords="rare_only,groups=shoulders" />

			<!-- pants -->
			<pants template="items_with_circle" keywords="rare_only,groups=pants" />

			<!-- gloves -->
			<gloves template="items_with_circle" keywords="rare_only,groups=gloves" />

			<!-- boots -->
			<boots template="items_with_circle" keywords="rare_only,groups=boots" />

			<!-- helms -->
			<helms template="items_with_circle" keywords="rare_only,groups=helm|spiritstone|wizardhat" />

			<!-- belts -->
			<belts template="items_with_circle" keywords="rare_only,groups=belts" />

			<!-- higher crafting materials -->
			<craftmat_hi template="items_with_circle" keywords="groups=Rift Keystone|Demonic Essence|Death's Breath|Veiled Crystal|Forgotten Soul">
				<ground_circle enabled="1" radius="1.50" color="192,200,255,0" />
			</craftmat_hi>

			<!-- lower crafting materials -->
			<craftmat_lo template="items_with_circle" keywords="groups=Tome of Secrets|Scholarly Writings|Arcane Dust|Reusable Parts">
				<ground_circle enabled="1" radius="0.8" color="192,100,100,240" />
			</craftmat_lo>

			<!-- gems -->
			<gems template="items_with_circle" keywords="groups=gems_high|gems_high_x1">
				<ground_circle enabled="1" radius="1.25" color="192,133,163,222" />
			</gems>

		</examples>

	</items>

</config>