<?xml version="1.0" encoding="utf-8"?>
<config>
	<!--************************************************
                          Attributes Bar
        ************************************************-->
	<templates>
        <attributes_def zone="attributes">                                                                                                 <!-- Base Settings Used for Attribute Bar -->
            <position y="32" w="3.75" h="13" container="Root.NormalLayer.game_dialog_backgroundScreenPC.game_window_hud_overlay" />            <!-- Position of Bar -->
            <border color="180,46,39,27" stroke="2.5" />                                                                                     <!-- Default Box Border -->
            <title font_family="Calibri" font_size="8.5" font_color="255,255,255,255" font_bold="0" font_shadow="0" font_halign="Center"> <!-- Default Box Font  -->
                <custom_shadow enabled="1" heavy="1" color="150,0,0,0" />                                                                  <!-- Text Outline -->
            </title>
        </attributes_def>
	</templates>

	<labels>
        <Session_Legs enabled="1" template="attributes_def" expression="*stattracker.current_session.items_legendary" hint="Legendaries this Session">                   <!-- Legendaries this session -->
            <position x="26.4" />
            <body color="255,113,92,47" />
        </Session_Legs>
        <Legs_Per_Hour enabled="1" template="attributes_def" expression="*stattracker.hero_total.items_legendary_per_hour" hint="Legendaries Per Hour this Session">                                     <!-- Legendaries per Hour -->
            <position x="30.2" />
            <body color="255,113,68,47" />
        </Legs_Per_Hour>
        <Cooldown_Red enabled="1" template="attributes_def" expression="*cdr" hint="Cooldown Reduction">             <!-- All Resist (lowest resist) -->
            <position x="34.05" />
            <body color="255,113,47,68" />
        </Cooldown_Red>
        <Movement_Speed enabled="1" template="attributes_def" expression="*movespeed" hint="Movement Speed %">              <!-- Movement Speed -->
            <position x="37.9" />
            <body color="255,100,47,113" />
        </Movement_Speed>
        <Gold_Find enabled="1" template="attributes_def" expression="*goldfind" hint="Gold Find %">                        <!-- Gold Find % -->
            <position x="41.7" />
            <body color="255,146,146,14" />
        </Gold_Find> 

        <eHP_Max enabled="1" template="attributes_def" expression="*ehp-max" hint="Effective HP">                                      <!-- EHP -->
            <position x="54.55" />
            <body color="255,77,78,83" />
        </eHP_Max>
        <Crit_Chance enabled="1" template="attributes_def" expression="*critchance" hint="Critical Hit Chance">             <!-- Critical Hit Chance -->
            <position x="58.4" />
            <body color="255,55,113,47" />
        </Crit_Chance>
		<Crit_Damage enabled="1" template="attributes_def" expression="*critdamage" hint="Critical Hit Damage">                                   <!-- Sheet DPS -->
            <position x="62.2" />
            <body color="255,47,113,64" />
        </Crit_Damage>
        <Elem_DPS enabled="1" template="attributes_def" expression="*elemental-dps" hint="Elemental DPS">                   <!-- Elemental DPS -->
            <position x="66.05" />
            <body color="255,47,91,113" />
        </Elem_DPS>
        <Elite_DPS enabled="1" template="attributes_def" expression="*elite-dps" hint="Elite DPS">                          <!-- Elite DPS -->
            <position x="69.85" />
            <body color="255,62,106,151" />
        </Elite_DPS>
		<Puzzle_Gob_Count enabled="1" template="attributes_def" expression="*stattracker.hero_today.items_white" hint="White Items for Puzzle Goblin">                   
            <position x="54.55" y="19" />
            <body color="255,189,166,130" />
			<conditions enabled="1" active_buffs="318375/*" />	
        </Puzzle_Gob_Count>
        <Cur_DPS enabled="1" template="attributes_def" expression="*dps-cur" hint="Current DPS">                            <!-- Current DPS -->
            <position h="15" y="31" x="45.45" w="4.5"/>
            <border color="180,222,121,20" stroke="2.5"/>
            <body color="255,0,0,0" />
            <title font_size="10"  font_color="255,151,196,255" font_bold="1"/>
        </Cur_DPS>
        <Avg_DPS enabled="1" template="attributes_def" expression="*dps-run" hint="Average DPS">                            <!-- Average DPS -->
            <position h="15" y="31" x="50" w="4.5"/>
            <border color="180,222,121,20" stroke="2.5"/>
            <body color="255,0,0,0" />
            <title font_size="10" font_bold="1" />
        </Avg_DPS>

		<!--[ Labels for Buff Tags ]-->

        <Tag_Flying_Dragon enabled="1" template="attributes_def" expression="2x APS" hint="">      <!-- TAG: Flying Dragon Buff -->
            <position x="48" y="-160" />
            <body enabled="1" color="100,0,0,0" />
            <conditions active_buffs="246562/1" />
        </Tag_Flying_Dragon>
        <Tag_Nemesis_Bracers enabled="1" template="attributes_def" expression="Nemesis Bracers On" hint=""> <!-- TAG: Nemesis Bracers Buff -->
            <position x="43.5" y="-148" w="12" h="11.5" />
            <body enabled="1" color="200,150,0,100" />
            <conditions active_buffs="318820/0" />
        </Tag_Nemesis_Bracers>
        <Tag_WD_BBV_Buff enabled="1" template="attributes_def" expression="B.B.V." hint="">                                 <!-- TAG: WD BBV Buff / Inside Radius -->
            <position x="49.95" y="-122" w="6.5" h="11.5" />
            <body color="220,0,150,200" stroke="0" />
            <border enabled="1" stroke="1.5" color="255,255,255,50" />
            <conditions enabled="1" active_buffs="117402/2" />
        </Tag_WD_BBV_Buff>
    </labels>
	
	<overrides>
        <override_AttribBar enabled="1" file="ui_default_labels_attributes" path="templates.default.enabled" value="0" />                                    <!-- Enable Attributes Bar (Above Skill Bar) -->
        <override_AttribBar_Activator enabled="1" file="ui_default_labels_attributes" path="activators.activator.enabled" value="0" />                       <!-- Disable Activator for Attributes Bar -->
		<!--[ Overrides for Character Portrait ]-->
        <override_Disable_Portrait_Real_DPS1 enabled="1" file="ui_default_main" path="portraits.performance.real_dps.enabled" value="0" />                   <!-- Disable Portrait Real DPS -->
        <override_Disable_Portrait_Avg_DPS1 enabled="1" file="ui_default_main" path="portraits.performance.run_dps.enabled" value="0" />                     <!-- Disable Portrait Average DPS  -->
        <override_Disable_Portrait_Total_Dmg1 enabled="1" file="ui_default_main" path="portraits.performance.total_dmg.enabled" value="0" />                 <!-- Disable Portrait Total Damage -->
	</overrides>
</config>