<?xml version="1.0" encoding="utf-8"?>
<config>
	<constants>
		<EnableVeryDangerous value="1" />
		<VeryDangerousSize value="1" />
		<VeryDangerousStroke value="0" />
		<VeryDangerousColor value="255,201,34,34" />
		<VeryDangerousMapColor value="180,201,34,34" />
		<EnableVeryDangerousMapLabels value="0" />
		<EnableVeryDangerousGroundLabels value="1" />
		<EnableDangerous value="1" />
		<DangerousSize value="1" />
		<DangerousStroke value="0" />
		<DangerousColor value="255,221,128,34" />
		<DangerousMapColor value="180,221,128,34" />
		<EnableDangerousMapLabels value="0" />
		<EnableDangerousGroundLabels value="1" />
		<MapLabelFontFamily value="Calibri" />
		<MapLabelFontSize value="7" />
		<ScreenLabelFontFamily value="Calibri" />
		<ScreenLabelFontSize value="8" />
	</constants>
	<templates>
		<DangerousKeywords keywords="alive,trash,names=
Accursed|
Barbed Lurker|
Death Maiden|
Executioner|
Maggot|
Maggot Brood|
Retching Cadaver|
Serpent Magus|
Spewing Horror|
		"/>
		<VeryDangerousKeywords keywords="alive,trash,names=
Exarch|
Herald of Pestilence|
Shock Tower|
Morlu Incinerator|
		"/>
		<ChargeKeywords keywords="alive,trash,names=
Anarch|
Great Horned Goliath|
Corrupted Angel|
Horned Charger|
Lacuni Huntress|
Lacuni Stalker|
Winged Assassin|
Lashing Creeper|
Punisher|
Savage Beast|
Scouring Charger|
Skeletal Beast|
Soul Lasher|
Tusked Bogan|
		"/>
		<ExplodeKeywords keywords="alive,trash,names=
Demented Fallen|
Deranged Fallen|
Fallen Lunatic|
Fallen Maniac|
Frenzied Lunatic|
Grotesque|		
Horror|			
		"/>
		<RngedKeywords keywords="alive,trash,names=
Blood Clan Impaler|
Blood Clan Spearman|
Dark Moon Clan Impaler|
Dark Skeletal Archer|
Dark Skeletal Bowman|
Dune Stinger|
Ice Clan Impaler|
Lacuni Huntress|
Lacuni Stalker|
Moon Clan Impaler|
Moon Clan Spearman|
Quill Fiend|
Returned Archer|
Revenant Archer|
Sand Wasp|
Skeletal Archer|
Stinging Wasp|
Summoned Archer|
Blazing Guardian|
Blood Clan Sorcerer|
Chilling Construct|
Corpse Raiser|
Dark Moon Clan Shaman|
Dark Summoner|
Demonic Hellflyer|
Enslaved Nightmare|
Fallen Prophet|
Fallen Shaman|
Frost Guardian|
Hell Witch|
Ice Clan Shaman|
Noxious Guardian|
Returned Summoner|
Scouring Lobber|
Shock Guardian|
Skeletal Ranger|
Smoldering Construct|
Spellwinder|
Subjugator|
Tomb Guardian|
Vengeful Summoner|
Vile Temptress|
		"/>
		<SlowsKeywords keywords="alive,trash,names=
Bogan Trapper|
Exorcist|
Grim Wraith|
Arachnid Horror|
Enraged Phantom|
Ghastly Seraph|
Shadow of Death|
Toxic Lurker|
Vile Revenant|
		"/>
	</templates>
	<monsters>
		<Mobs_Danger template="DangerousKeywords" enabled="::EnableDangerous" speech_text="">
			<map_shape enabled="1" radius="::DangerousSize" ping_speed="0" shape="circle" color="::DangerousMapColor" stroke="::DangerousStroke"/>
			<map_label enabled="::EnableDangerousMapLabels" text="default">
				<text font_family="::MapLabelFontFamily" font_size="::MapLabelFontSize" font_bold="1" font_shadow="1" font_color="::DangerousMapColor" />
				</map_label>
			<ground_label enabled="::EnableDangerousGroundLabels" on_screen="1" off_screen="1" text="default" use_bottom="1" offset_z="-5">
				<body enabled="1" color="255,20,20,20" stroke="0" />
				<text font_family="::ScreenLabelFontFamily" font_size="::ScreenLabelFontSize" font_bold="1" font_shadow="0" font_color="::DangerousColor">
	                    <custom_shadow enabled="1" heavy="1" color="100,0,0,0" />
				</text>
				<border enabled="1" color="180,46,39,27" stroke="2.5" />
			</ground_label>
			<conditions only_greater_rift="1" />
		</Mobs_Danger>
		<Mobs_VeryDanger template="VeryDangerousKeywords" enabled="::EnableVeryDangerous" speech_text="">
			<map_shape enabled="1" radius="::VeryDangerousSize" ping_speed="0" shape="circle" color="::VeryDangerousMapColor" stroke="::VeryDangerousStroke" />
			<map_label enabled="::EnableVeryDangerousMapLabels" text="default">
				<text font_family="::MapLabelFontFamily" font_size="::MapLabelFontSize" font_bold="0" font_shadow="1" font_color="::VeryDangerousColor" />
			</map_label>
			<ground_label enabled="::EnableVeryDangerousGroundLabels" on_screen="1" off_screen="1" text="default" use_bottom="1" offset_z="-5">
				<body enabled="1" color="255,20,20,20" stroke="0" />
				<border enabled="1" color="180,46,39,27" stroke="2.5" />
				<text font_family="::ScreenLabelFontFamily" font_size="::ScreenLabelFontSize" font_bold="0" font_shadow="0" font_color="::VeryDangerousColor">
				</text>
			</ground_label>
		</Mobs_VeryDanger>
		<Mobs_Charge template="ChargeKeywords" enabled="::EnableVeryDangerous" speech_text="">
			<map_shape enabled="1" radius="::VeryDangerousSize" ping_speed="0" shape="circle" color="::VeryDangerousMapColor" stroke="::VeryDangerousStroke" />
			<map_label enabled="::EnableVeryDangerousMapLabels" text="Chrg">
				<text font_family="::MapLabelFontFamily" font_size="::MapLabelFontSize" font_bold="0" font_shadow="1" font_color="::VeryDangerousColor" />
			</map_label>
			<ground_label enabled="::EnableVeryDangerousGroundLabels" on_screen="1" off_screen="1" text="Chrg" use_bottom="1" offset_z="-5">
				<body enabled="1" color="255,20,20,20" stroke="0" />
				<border enabled="1" color="180,46,39,27" stroke="2.5" />
				<text font_family="::ScreenLabelFontFamily" font_size="::ScreenLabelFontSize" font_bold="1" font_shadow="0" font_color="::VeryDangerousColor">
				</text>
			</ground_label>
		</Mobs_Charge>
		<Mobs_Explodes template="ExplodeKeywords" enabled="::EnableVeryDangerous" speech_text="">
			<map_shape enabled="1" radius="::VeryDangerousSize" ping_speed="0" shape="circle" color="::VeryDangerousMapColor" stroke="::VeryDangerousStroke" />
			<map_label enabled="::EnableVeryDangerousMapLabels" text="Boom">
				<text font_family="::MapLabelFontFamily" font_size="::MapLabelFontSize" font_bold="0" font_shadow="1" font_color="::VeryDangerousColor" />
			</map_label>
			<ground_label enabled="::EnableVeryDangerousGroundLabels" on_screen="1" off_screen="1" text="Boom" use_bottom="1" offset_z="-5">
				<body enabled="1" color="255,20,20,20" stroke="0" />
				<border enabled="1" color="180,46,39,27" stroke="2.5" />
				<text font_family="::ScreenLabelFontFamily" font_size="::ScreenLabelFontSize" font_bold="1" font_shadow="0" font_color="::VeryDangerousColor">
				</text>
			</ground_label>
		</Mobs_Explodes>
		<Mobs_Ranged template="RngedKeywords" enabled="::EnableDangerous" speech_text="">
			<map_shape enabled="1" radius="::DangerousSize" ping_speed="0" shape="circle" color="::DangerousMapColor" stroke="::DangerousStroke"/>
			<map_label enabled="::EnableDangerousMapLabels" text="Rngd">
				<text font_family="::MapLabelFontFamily" font_size="::MapLabelFontSize" font_bold="1" font_shadow="1" font_color="::DangerousMapColor" />
				</map_label>
			<ground_label enabled="::EnableDangerousGroundLabels" on_screen="1" off_screen="1" text="Rngd" use_bottom="1" offset_z="-5">
				<body enabled="1" color="255,20,20,20" stroke="0" />
				<text font_family="::ScreenLabelFontFamily" font_size="::ScreenLabelFontSize" font_bold="1" font_shadow="0" font_color="::DangerousColor">
	                    <custom_shadow enabled="1" heavy="1" color="100,0,0,0" />
				</text>
				<border enabled="1" color="180,46,39,27" stroke="2.5" />
			</ground_label>
			<conditions only_greater_rift="1" />
		</Mobs_Ranged>
		<Mobs_Slow template="SlowsKeywords" enabled="::EnableDangerous" speech_text="">
			<map_shape enabled="1" radius="::DangerousSize" ping_speed="0" shape="circle" color="::DangerousMapColor" stroke="::DangerousStroke"/>
			<map_label enabled="::EnableDangerousMapLabels" text="Slow">
				<text font_family="::MapLabelFontFamily" font_size="::MapLabelFontSize" font_bold="1" font_shadow="1" font_color="::DangerousMapColor" />
				</map_label>
			<ground_label enabled="::EnableDangerousGroundLabels" on_screen="1" off_screen="1" text="Slow" use_bottom="1" offset_z="-5">
				<body enabled="1" color="255,20,20,20" stroke="0" />
				<text font_family="::ScreenLabelFontFamily" font_size="::ScreenLabelFontSize" font_bold="1" font_shadow="0" font_color="::DangerousColor">
	                    <custom_shadow enabled="1" heavy="1" color="100,0,0,0" />
				</text>
				<border enabled="1" color="180,46,39,27" stroke="2.5" />
			</ground_label>
			<conditions only_greater_rift="1" />
		</Mobs_Slow>
	</monsters>
</config>