<?xml version="1.0" encoding="utf-8"?>
<config>

	<templates>
		<elite_abilities enabled="1" >
            <ground_label enabled="1" on_screen="1" off_screen="0"  text="{value}" value_format="F1">
                <text font_family="Calibri" font_size="18" font_bold="1" font_shadow="0">
                    <custom_shadow enabled="1" heavy="1" color="100,0,0,0" />
                </text>
			</ground_label>
		</elite_abilities>
		<def_affix_label enabled="1">
			<ground_label enabled="1" off_screen="0" on_screen="1" use_bottom="1" offset_z="-5">
				<text font_family="Calibri" font_size="8" font_bold="1" font_shadow="0" font_color="255,255,255,255" >
                    <custom_shadow enabled="1" heavy="1" color="100,0,0,0" />
				</text>
				<border enabled="1" color="180,46,39,27" stroke="2.5" />
			</ground_label>
		</def_affix_label>
		<onscreen_affix_label enabled="1" template="def_affix_label">
			<ground_label enabled="1" off_screen="0" on_screen="1">
			</ground_label>
		</onscreen_affix_label>
		<offscreen_affix_label enabled="1" template="def_affix_label">
			<ground_label enabled="1" off_screen="1" on_screen="0">
			</ground_label>
		</offscreen_affix_label>
		<weak template="def_affix_label">
			<ground_label>
				<text font_color="255,221,221,34" />
				<body color="255,20,20,20" />
			</ground_label>
		</weak>
	</templates>
	<actors>
        <Ability_Ghom enabled="1" template="elite_abilities" keywords="snos=93837" >                                       
            <ground_label count_down="90">
                <text font_size="14" font_color="255,43,106,0">
                    <custom_shadow color="100,255,255,255" />
                </text>
            </ground_label>
			<ground_circle radius="20" ping_speed="0" color="160,43,106,0" stroke="2" dash="Dash" />
        </Ability_Ghom>
		<Ability_Plagued enabled="1" template="elite_abilities" keywords="snos=108869|3865" >                                       <!--  Add Timer to Plagued Pool (Also, Herald of Pestilence): 108869 & 3865 -->
            <ground_label count_down="60">
                <text font_size="14" font_color="255,43,106,0">
                    <custom_shadow color="100,255,255,255" />
                </text>
            </ground_label>
			<ground_circle radius="12" ping_speed="0" color="160,43,106,0" stroke="2" dash="Dash" />
        </Ability_Plagued>
        <Ability_Molten enabled="1" template="elite_abilities" keywords="snos=4803">                                               <!--  Add Timer to Molten Explosion: 4803, 4804, 224225 & 247987 -->
            <ground_label count_down="3">
                <text font_color="255,191,86,8"/>
            </ground_label>
			<ground_circle radius="13" ping_speed="0" color="125,191,86,8" stroke="2" dash="Dash" />
        </Ability_Molten>
        <Ability_Desecrator enabled="1" template="elite_abilities" keywords="snos=84608">                                          <!--  Add Timer to Desecrator Pool -->
            <ground_label count_down="12">
                <text font_color="255,200,52,18">
                    <custom_shadow color="100,255,255,255" />
                </text>
            </ground_label>
			<ground_circle radius="8" ping_speed="0" color="160,200,52,18" stroke="2" dash="Dash" />
        </Ability_Desecrator>
		<Ability_Arcane enabled="1" template="elite_abilities" keywords="snos=219702|221225|257306">                               <!--  Add Timer to Arcane Sweeper -->
            <ground_label count_down="10">    
                <text font_color="255,248,87,254" />
            </ground_label>
			<ground_circle radius="14" ping_speed="0" color="160,248,87,254" stroke="2" dash="Dash" />
        </Ability_Arcane>
        <Ability_Orbiter enabled="1" template="elite_abilities" keywords="snos=343539|343582">                                     <!--  Add Timer to Orbiter Orbs (Projectile 343539 | FocalPoint 343582) -->
            <ground_label count_down="15">
                <text font_size="8" font_color="255,25,124,236" />
            </ground_label>
        </Ability_Orbiter>
		<Ability_Thunderstorm enabled="1" keywords="snos=341512" extra_decorators="deco_outline/ground_circle">                                     <!--  Add Timer to Orbiter Orbs (Projectile 343539 | FocalPoint 343582) -->
			<ground_circle radius="16" ping_speed="0" color="25,25,124,236" stroke="0" dash="Dash" />
			<deco_outline radius="16" ping_speed="0" color="160,25,124,236" stroke="2" dash="Dash" />
        </Ability_Thunderstorm>
        <Ability_FrozenPulse enabled="1" template="elite_abilities" keywords="snos=349774">                                        <!--  Add Timer to Frozen Pulse Swirl -->
            <ground_label count_down="20">
                <text font_size="22" font_color="255,109,182,245">
                    <custom_shadow color="200,0,0,0" />
                </text>
            </ground_label>
			<ground_circle radius="14" color="160,109,182,245" stroke="2" dash="Dash" />
        </Ability_FrozenPulse>
        <Ability_Frozen enabled="1" template="elite_abilities" keywords="snos=223675" extra_decorators="deco_outline/ground_circle">                                             <!--  Add Timer to Frozen Explosion -->
            <ground_label count_down="3">
                <text font_color="255,121,146,186">
                    <custom_shadow color="200,0,0,0" />
                </text>
            </ground_label>
			<ground_circle enabled="0" radius="15.8" ping_speed="0" color="25,121,146,186" stroke="0" dash="Dash" />
			<deco_outline radius="15.8" ping_speed="0" color="160,121,146,186" stroke="2" dash="Dash" />
        </Ability_Frozen>
	</actors>
	<monsters>
		<glabel_frozen template="offscreen_affix_label" keywords="alive,frozen">
			<ground_label text="Frozen">
				<body color="255,121,146,186" />
			</ground_label>
		</glabel_frozen>
		<glabel_frozenpulse template="offscreen_affix_label" keywords="alive,frozenpulse">
			<ground_label text="FznPul">
				<body color="255,109,182,245" />
			</ground_label>
		</glabel_frozenpulse>
		<glabel_jailer template="offscreen_affix_label" keywords="alive,jailer">
			<ground_label text="Jailer">
				<body color="255,183,56,250" />
			</ground_label>
			<ground_circle enabled="1" radius="55" color="100,183,56,250" stroke="2" dash="Dash" />
		</glabel_jailer>
		<glabel_firechains template="offscreen_affix_label" keywords="alive,firechains">
			<ground_label text="FChain">
				<body color="255,150,65,8" />
			</ground_label>
		</glabel_firechains>
		<glabel_poison template="offscreen_affix_label" keywords="alive,poison">
			<ground_label text="Poison">
				<body color="255,157,207,48" />
			</ground_label>
		</glabel_poison>
		<glabel_reflect template="offscreen_affix_label" keywords="alive,reflect">
			<ground_label text="Reflct">
				<body color="255,158,61,27" />
			</ground_label>
		</glabel_reflect>
		<glabel_mortar template="offscreen_affix_label" keywords="alive,mortar">
			<ground_label text="Mortar">
				<body color="255,206,155,2" />
			</ground_label>
		</glabel_mortar>
		<glabel_waller template="offscreen_affix_label" keywords="alive,waller">
			<ground_label text="Waller">
				<body color="255,146,118,96" />
			</ground_label>
		</glabel_waller>
		<glabel_thunderstorm template="offscreen_affix_label" keywords="alive,thunderstorm">
			<ground_label text="ThndrS">
				<body color="255,25,124,236" />
			</ground_label>
		</glabel_thunderstorm>
		<glabel_arcane template="offscreen_affix_label" keywords="alive,arcane">
			<ground_label text="Arcane">
				<body color="255,248,87,254" />
			</ground_label>
		</glabel_arcane>
		<glabel_orbiter template="offscreen_affix_label" keywords="alive,orbiter">
			<ground_label text="Orbitr">
				<body color="255,25,124,236" />
			</ground_label>
		</glabel_orbiter>
		<glabel_electrified template="offscreen_affix_label" keywords="alive,electrified">
			<ground_label text="Electr">
				<body color="255,121,163,239" />
			</ground_label>
		</glabel_electrified>
		<glabel_desecrator template="offscreen_affix_label" keywords="alive,desecrator">
			<ground_label text="Dscrat">
				<body color="255,200,52,18" />
			</ground_label>
		</glabel_desecrator>
		<glabel_molten template="offscreen_affix_label" keywords="alive,molten">
			<ground_label text="Molten">
				<body color="255,191,86,8" />
			</ground_label>
		</glabel_molten>
		<glabel_plagued template="offscreen_affix_label" keywords="alive,plagued">
			<ground_label text="Plague">
				<body color="255,43,106,0" />
			</ground_label>
		</glabel_plagued>
		<glabel_2frozen template="onscreen_affix_label" keywords="alive,frozen">
			<ground_label text="Fzn">
				<body color="255,121,146,186" />
			</ground_label>
		</glabel_2frozen>
		<glabel_2frozenpulse template="onscreen_affix_label" keywords="alive,frozenpulse">
			<ground_label text="FPl">
				<body color="255,109,182,245" />
			</ground_label>
		</glabel_2frozenpulse>
		<glabel_2jailer template="onscreen_affix_label" keywords="alive,jailer">
			<ground_label text="Jlr">
				<body color="255,183,56,250" />
			</ground_label>
			<ground_circle enabled="1" radius="55" color="100,183,56,250" stroke="2" dash="Dash" />
		</glabel_2jailer>
		<glabel_2firechains template="onscreen_affix_label" keywords="alive,firechains">
			<ground_label text="FChn">
				<body color="255,150,65,8" />
			</ground_label>
		</glabel_2firechains>
		<glabel_2poison template="onscreen_affix_label" keywords="alive,poison">
			<ground_label text="Psn">
				<body color="255,157,207,48" />
			</ground_label>
		</glabel_2poison>
		<glabel_2reflect template="onscreen_affix_label" keywords="alive,reflect">
			<ground_label text="Rft">
				<body color="255,158,61,27" />
			</ground_label>
		</glabel_2reflect>
		<glabel_2mortar template="onscreen_affix_label" keywords="alive,mortar">
			<ground_label text="Mtr">
				<body color="255,206,155,2" />
			</ground_label>
		</glabel_2mortar>
		<glabel_2waller template="onscreen_affix_label" keywords="alive,waller">
			<ground_label text="Wal">
				<body color="255,146,118,96" />
			</ground_label>
		</glabel_2waller>
		<glabel_2thunderstorm template="onscreen_affix_label" keywords="alive,thunderstorm">
			<ground_label text="TSm">
				<body color="255,25,124,236" />
			</ground_label>
		</glabel_2thunderstorm>
		<glabel_2arcane template="onscreen_affix_label" keywords="alive,arcane">
			<ground_label text="Arc">
				<body color="255,248,87,254" />
			</ground_label>
		</glabel_2arcane>
		<glabel_2orbiter template="onscreen_affix_label" keywords="alive,orbiter">
			<ground_label text="Orb">
				<body color="255,25,124,236" />
			</ground_label>
		</glabel_2orbiter>
		<glabel_2electrified template="onscreen_affix_label" keywords="alive,electrified">
			<ground_label text="Elc">
				<body color="255,121,163,239" />
			</ground_label>
		</glabel_2electrified>
		<glabel_2desecrator template="onscreen_affix_label" keywords="alive,desecrator">
			<ground_label text="Dsc">
				<body color="255,200,52,18" />
			</ground_label>
		</glabel_2desecrator>
		<glabel_2molten template="onscreen_affix_label" keywords="alive,molten">
			<ground_label text="Mlt">
				<body color="255,191,86,8" />
			</ground_label>
		</glabel_2molten>
		<glabel_2plagued template="onscreen_affix_label" keywords="alive,plagued">
			<ground_label text="Plg">
				<body color="255,43,106,0" />
			</ground_label>
		</glabel_2plagued>
		<glabel_illusionist template="weak" keywords="alive,illusionist">
			<ground_label text="Illu" />
		</glabel_illusionist>
		<glabel_horde enabled="0" template="weak" keywords="alive,horde">
			<ground_label text="Hord" />
		</glabel_horde>
		<glabel_shielding template="weak" keywords="alive,shielding">
			<ground_label text="Shld" />
		</glabel_shielding>
		<glabel_fast enabled ="0" template="weak" keywords="alive,fast">
			<ground_label text="GoFast" />
		</glabel_fast>
		<glabel_avenger template="weak" keywords="alive,avenger">
			<ground_label text="Avgr" />
		</glabel_avenger>
		<glabel_nightmarish enabled="0" template="weak" keywords="alive,nightmarish">
			<ground_label text="Booo" />
		</glabel_nightmarish>
		<glabel_knockback enabled ="0" template="weak" keywords="alive,knockback">
			<ground_label text="KnkBak" />
		</glabel_knockback>
		<glabel_vortex template="weak" keywords="alive,vortex">
			<ground_label text="Vrtx" />
		</glabel_vortex>
		<glabel_wormhole enabled="0" template="weak" keywords="alive,wormhole">
			<ground_label text="WmHl" />
		</glabel_wormhole>
		<glabel_missiledampening enabled="0" template="weak" keywords="alive,missiledampening">
			<ground_label text="MsDamp" />
		</glabel_missiledampening>
		<glabel_extrahealth template="weak" keywords="alive,extrahealth">
			<ground_label text="X-HP" />
		</glabel_extrahealth>
		<glabel_healthlink template="weak" keywords="alive,healthlink">
			<ground_label text="HLnk" />
		</glabel_healthlink>
		<glabel_vampiric template="weak" keywords="alive,vampiric">
			<ground_label text="Vamp" />
		</glabel_vampiric>
		<glabel_teleporter enabled="0" template="weak" keywords="alive,teleporter">
			<ground_label text="Telprt" />
		</glabel_teleporter>
	</monsters>
	<overrides>
        <disable_affix enabled="1" file="ui_default_actors_monsters_affix" path="templates.default.enabled" value="0" />
		<disable_ability enabled="1" file="ui_default_label_actors_skills" path="templates.danger.enabled" value="0" />                        <!-- Set Arcane Label Color -->
	</overrides>
</config>