<?xml version="1.0" encoding="utf-8"?>
<config>
	<!--************************************************
                Player Skills/Abilities
        ************************************************-->
	<templates>
        <cd_timer enabled="1">
            <ground_label enabled="1" on_screen="1" off_screen="1" use_bottom="0" text="{value}" value_format="F1">
                <text font_family="Calibri" font_size="12" font_bold="0" font_shadow="0">
                    <custom_shadow enabled="1" heavy="1" color="100,0,0,0" />
                </text>
            </ground_label>
            <ground_timer enabled="1" radius="25" use_bottom="0">
                <empty enabled="1" color="64,0,0,0" stroke="0" />
                <fill enabled="1" color="160,255,255,255" stroke="0" />
            </ground_timer>
        </cd_timer>
	</templates>

	<actors>
        <!--{[ Demon Hunter ]}-->
        <DH_Sentry enabled="1" keywords="summoned_by_me,snos=141402|150025|150024|168815|150026|150027" extra_decorators="deco1/ground_circle,deco2/ground_circle,deco3/ground_circle">
            <map_shape enabled="1" radius="4" ping_speed="0" shape="triangle" color="180,104,108,130" stroke="2" />           <!--|| Mark Demon Hunter's Sentry on Minimap/Ground with Label (No Rune: 141402 | Spitfire: 150025 ||-->
            <ground_circle enabled="0" radius="60" color="50,20,255,255" stroke="1.5" />                                    <!--|| Impaling: 150024 | Tether: 168815 | Polar: 150026 | Guardian: 150027                         ||-->
                <deco1 enabled="0" radius="1.5" color="100,0,0,0" stroke="2" />
                <deco2 enabled="0" radius="0.50" color="90,0,150,255" stroke="0" />
                <deco3 enabled="0" radius="0.75" color="150,255,0,0" stroke="2" dash="dash" />
            <ground_shape enabled="0" radius="1.4" ping_speed="0" shape="x" color="150,255,0,0" stroke="7" />
			<conditions only_out_town="1" />
        </DH_Sentry>
		<DH_Sentry_Polar_Station enabled="1" keywords="summoned_by_me,snos=150026">
			<ground_circle enabled="1" radius="16" color="100,165,182,218" stroke="1.5" />
			<conditions only_out_town="1" />
		</DH_Sentry_Polar_Station>
		<DH_Marked_For_Death_VoD enabled="1" template="cd_timer" keywords="snos=230674">
			<ground_circle enabled="1" radius="15" color="30,138,32,48" stroke="0" dash="Dash" />
			<ground_label enabled="0" offset_z="-7.5" use_bottom="0" count_down="15">
                <body enabled="1" color="200,150,255,50" stroke="0" />
                <text font_family="Calibri" font_size="8" font_color="255,255,255,255" font_bold="0" font_shadow="0">
                    <custom_shadow enabled="1" heavy="1" color="150,0,0,0" />
                </text>
                <border enabled="1" stroke="1.5" color="100,0,0,0" />
            </ground_label>
			<ground_timer enabled="1" offset_z="0" use_bottom="1" radius="12" count_down="15">
				<fill color="200,138,32,48" />
			</ground_timer>
			<conditions only_out_town="1" />
		</DH_Marked_For_Death_VoD>
			<!-- Sentry without Custom Engineering -->
		<GTimer_Sentry_A enabled="1" template="cd_timer" keywords="summoned_by_me,snos=141402|150025|150024|168815|150026|150027">
			<conditions inactive_buffs="208610/0" />
			<ground_label enabled="0" offset_z="-1" use_bottom="1" count_down="30">
                <text font_family="Calibri" font_size="11" font_bold="1" font_shadow="0" font_color="255,86,90,108">
                    <custom_shadow enabled="1" heavy="1" color="100,255,255,255" />
                </text>
			</ground_label>
			<ground_timer enabled="1" radius="12" use_bottom="1" count_down="30">
				<fill color="200,86,90,108" />
			</ground_timer>
			<conditions only_out_town="1" />
		</GTimer_Sentry_A>

		<!-- Sentry with Custom Engineering -->
		<GTimer_Sentry_B enabled="1" template="cd_timer" keywords="summoned_by_me,snos=141402|150025|150024|168815|150026|150027">
			<conditions active_buffs="208610/0" />
			<ground_label enabled="0" offset_z="-1" use_bottom="1" count_down="60">
                <text font_family="Calibri" font_size="11" font_bold="1" font_shadow="0" font_color="255,86,90,108">
                    <custom_shadow enabled="1" heavy="1" color="100,255,255,255" />
                </text>
			</ground_label>
			<ground_timer enabled="1" radius="12" use_bottom="1" count_down="60">
				<fill color="200,86,90,108" />
			</ground_timer>
			<conditions only_out_town="1" />
		</GTimer_Sentry_B>

        <!--{[ Wizard ]}-->
        <Wiz_Hydra enabled="1" keywords="snos=80745|81515|82109|325807|82972|83959,summoned_by_me" extra_decorators="deco1/ground_circle,deco2/ground_circle,deco3/ground_circle">
            <map_shape enabled="1" radius="5" ping_speed="0" shape="triangle" color="220,255,100,100" stroke="2" />         <!--|| Mark Hydra on Minimap/Ground with Label (No Rune = 80745, 80757 & 80758             ||-->
            <ground_circle enabled="1" radius="60" color="100,255,0,255" stroke="1.5" />                                    <!--|| Arcane: 81515, 81231 & 81232 | Lightning: 82109, 81229 & 81230 | Mammoth: 83959    ||-->
                <deco1 enabled="1" radius="1.5" color="100,200,200,200" stroke="2" />                                       <!--|| Blazing: 325807, 325813 & 325815 | Frost: 82972, 83024 & 83025                     ||-->
                <deco2 enabled="1" radius="0.50" color="90,0,150,255" stroke="0" />
                <deco3 enabled="1" radius="0.75" color="150,255,0,0" stroke="2" dash="dash" />
            <ground_shape enabled="1" radius="1.4" ping_speed="0" shape="x" color="200,220,0,0" stroke="8" />
			<conditions only_out_town="1" />
        </Wiz_Hydra>
				<!-- Rune: Thunder Crash / Pending 217457 / Impact 217458 / AfterBurn 217459 -->
		<Wiz_Meteor1 enabled="0" keywords="snos=217457|217458|217459">
			<ground_circle enabled="1" radius="12" color="80,50,150,50" stroke="2" dash="Dash" />
			<conditions only_out_town="1" />
		</Wiz_Meteor1>
		<!-- Rune: Star Pact / Pending 217142 / Impact 217139 / AfterBurn 217307 -->
		<Wiz_Meteor2 enabled="0" keywords="snos=217142|217139|217307">
			<ground_circle enabled="1" radius="12" color="80,50,150,50" stroke="2" dash="Dash" />
			<conditions only_out_town="1" />
		</Wiz_Meteor2>
		<!-- Rune: Comet / Pending 92030 / Impact 92031 / AfterBurn 92032 -->
		<Wiz_Meteor3 enabled="0" keywords="snos=92030|92031|92032">
			<ground_circle enabled="1" radius="12" color="80,50,150,50" stroke="2" dash="Dash" />
			<conditions only_out_town="1" />
		</Wiz_Meteor3>
		<!-- Rune: Meteor Shower / Pending 91440 / Impact 91441 -->
		<Wiz_Meteor4 enabled="0" keywords="snos=91440|91441">
			<ground_circle enabled="1" radius="8" color="80,50,150,50" stroke="2" dash="Dash" />
			<conditions only_out_town="1" />
		</Wiz_Meteor4>
		<!-- Rune: Molten Impact / Pending 215853 / Impact 215809 / AfterBurn 394102 -->
		<Wiz_Meteor5 enabled="0" keywords="snos=215853|215809|394102">
			<ground_circle enabled="1" radius="20" color="80,50,150,50" stroke="2" dash="Dash" />
			<conditions only_out_town="1" />
		</Wiz_Meteor5>
        <Hydra_1 enabled="1" template="cd_timer" keywords="snos=81515|81229|325807|83024|83959,summoned_by_me">             <!-- Add Timer to Hydra -->
            <ground_label enabled="1" offset_z="-7.5" use_bottom="0" count_down="15">
                <body enabled="1" color="170,170,0,170" stroke="0" />
                <text font_family="Calibri" font_size="8" font_color="255,255,255,255" font_bold="0" font_shadow="0">
                    <custom_shadow enabled="1" heavy="1" color="100,0,0,0" />
                </text>
                <border enabled="1" stroke="1.5" color="255,255,255,255" />
            </ground_label>
            <ground_timer enabled="0" offset_z="3" radius="20" use_bottom="1" count_down="15">
                <empty color="128,0,0,0" />
                <fill color="230,255,50,50" />
            </ground_timer>
			<conditions only_out_town="1" />
        </Hydra_1>
        <Black_Hole_1 enabled="1" template="cd_timer" keywords="snos=341426|341411|341381|341396|341441,summoned_by_me">    <!-- Add Timer to Black Hole -->
            <map_shape enabled="0" radius="4" ping_speed="0" shape="triangle" color="255,255,100,100" stroke="2" />
            <ground_label enabled="1" offset_z="5.2" count_down="2" >
                <text font_family="Calibri" font_size="8" font_color="255,255,255,255" font_bold="0" font_shadow="0">
                    <custom_shadow enabled="1" heavy="1" color="100,0,0,0" />
                </text>
            </ground_label>
            <ground_timer enabled="0" offset_z="5.2" count_down="2">
                <empty color="128,0,0,0" />
                <fill color="230,255,50,50" />
            </ground_timer>
			<conditions only_out_town="1" />
        </Black_Hole_1>
		<GTimer_Blizzard_Unrelenting_Storm enabled="1" template="cd_timer" keywords="summoned_by_me,snos=185660">
			<ground_circle enabled="1" radius="12" ping_speed="0" color="200,0,120,255" stroke="3" dash="Dash" />
			<ground_label enabled="1" count_down="8">
				<text font_color="255,100,255,150" />
			</ground_label>
			<ground_timer enabled="0" count_down="8">
				<fill color="160,100,255,150" />
			</ground_timer>
			<conditions only_out_town="1" />
		</GTimer_Blizzard_Unrelenting_Storm>
		<!-- Blizzard: Apocalypse (30y, 6s) -->
		<GTimer_Blizzard_Apocalypse enabled="1" template="cd_timer" keywords="summoned_by_me,snos=185661">
			<ground_circle enabled="1" radius="30" ping_speed="0" color="200,0,120,255" stroke="3" dash="Dash" />
			<ground_label enabled="1" count_down="6">
				<text font_color="255,100,255,150" />
			</ground_label>
			<ground_timer enabled="0" count_down="6">
				<fill color="160,100,255,150" />
			</ground_timer>
			<conditions only_out_town="1" />
		</GTimer_Blizzard_Apocalypse>
		<!-- Blizzard: Other runes (12y, 6s): no rune / Lightning Storm / Frozen Solid / Snowbound	-->
		<GTimer_Blizzard_OtherRunes enabled="1" template="cd_timer" keywords="summoned_by_me,snos=6519|409287|185663|185662">
			<ground_circle enabled="1" radius="12" ping_speed="0" color="200,0,120,255" stroke="3" dash="Dash" />
			<ground_label enabled="1" count_down="6">
				<text font_color="255,100,255,150" />
			</ground_label>
			<ground_timer enabled="0" count_down="6">
				<fill color="160,100,255,150" />
			</ground_timer>
			<conditions only_out_town="1" />
		</GTimer_Blizzard_OtherRunes>
		
        <!--{[ Witch Doctor ]}-->
        <WD_BBV enabled="1" keywords="snos=117574|182276|182271|182283|182278">                                             <!-- Mark Big Bad Voodoo on Minimap/Ground with Label--> 
            <map_shape enabled="1" radius="5" ping_speed="0" shape="triangle" color="200,186,172,127" stroke="2.5" />
            <ground_circle enabled="1" radius="33" ping_speed="0" color="100,186,172,127" stroke="1"/>
            <ground_label enabled="1" on_screen="1" off_screen="1" use_bottom="0" text="BBV">
                <body enabled="1" color="200,186,172,127" stroke="0" />
                <text font_family="Calibri" font_size="7" font_color="255,255,255,255" font_bold="0" font_shadow="0">
                    <custom_shadow enabled="1" heavy="1" color="150,0,0,0" />
                </text>
                <border enabled="1" stroke="1.5" color="100,0,0,0" />
            </ground_label>
			<conditions only_out_town="1" />
        </WD_BBV>
        <BBV_A enabled="1" template="cd_timer" keywords="summoned_by_me,snos=117574|182276|182278|182271|182283">           <!-- Add Timer to Big Bad Voodoo without Jungle Drums -->
            <conditions powers="witchdoctor_bigbadvoodoo/0,witchdoctor_bigbadvoodoo/2,witchdoctor_bigbadvoodoo/3,witchdoctor_bigbadvoodoo/4" />
            <ground_label enabled="1" offset_z="-7.5" use_bottom="0" count_down="20">
                <body enabled="1" color="200,186,172,127" stroke="0" />
                <text font_family="Calibri" font_size="8" font_color="255,255,255,255" font_bold="0" font_shadow="0">
                    <custom_shadow enabled="1" heavy="1" color="150,0,0,0" />
                </text>
                <border enabled="1" stroke="1.5" color="100,0,0,0" />
            </ground_label>
            <ground_timer enabled="1" offset_z="3" radius="20" use_bottom="1" count_down="20">
                <fill color="200,186,172,127" />
            </ground_timer>
			<conditions only_out_town="1" />
        </BBV_A>
        <BBV_B enabled="1" template="cd_timer" keywords="summoned_by_me,snos=117574|182276|182278|182271|182283">           <!-- Add Timer to Big Bad Voodoo with Jungle Drums -->
            <conditions powers="witchdoctor_bigbadvoodoo/1" />
            <ground_label enabled="1" offset_z="-7.5" use_bottom="0" count_down="30">
                <body enabled="1" color="200,186,172,127" stroke="0" />
                <text font_family="Calibri" font_size="8" font_color="255,255,255,255" font_bold="0" font_shadow="0">
                    <custom_shadow enabled="1" heavy="1" color="150,0,0,0" />
                </text>
                <border enabled="1" stroke="1.5" color="100,0,0,0" />
            </ground_label>
            <ground_timer enabled="1" offset_z="3" radius="20" use_bottom="1" count_down="30">
                <fill color="200,186,172,127" />
            </ground_timer>
			<conditions only_out_town="1" />
        </BBV_B>
        <Spirit_Walk_A enabled="1" template="cd_timer" keywords="snos=107705|106584,summoned_by_me">                       <!-- Add Timer to Spirit Walk without Jaunt -->
            <conditions powers="witchdoctor_spiritwalk/0,witchdoctor_spiritwalk/2,witchdoctor_spiritwalk/3,witchdoctor_spiritwalk/4" />
            <ground_label enabled="1" count_down="2">
                <text font_family="Calibri" font_size="8" font_color="255,255,255,255" font_bold="0" font_shadow="0">
                    <custom_shadow enabled="1" heavy="1" color="100,0,0,0" />
                </text>
            </ground_label>
            <ground_timer enabled="1" count_down="2">
                <fill color="160,255,150,255" />
            </ground_timer>
			<conditions only_out_town="1" />
        </Spirit_Walk_A>
        <Spirit_Walk_B enabled="1" template="cd_timer" keywords="snos=107705|106584,summoned_by_me">                       <!-- Add Timer to Spirit Walk with Jaunt -->
            <conditions powers="witchdoctor_spiritwalk/1" />
            <ground_label enabled="1" count_down="3">
                <text font_family="Calibri" font_size="8" font_color="255,255,255,255" font_bold="0" font_shadow="0">
                    <custom_shadow enabled="1" heavy="1" color="100,0,0,0" />
                </text>
            </ground_label>
            <ground_timer enabled="1" count_down="3">
                <fill color="160,255,150,255" />
            </ground_timer>
			<conditions only_out_town="1" />
        </Spirit_Walk_B>
        <Piranhado_1 enabled="1" template="cd_timer" keywords="snos=357846">                                               <!-- Add Timer to Piranhado -->
            <ground_label enabled="1" count_down="4">
                <text font_color="255,255,255,50" />
            </ground_label>
            <ground_timer enabled="1" count_down="4">
                <fill color="160,100,255,150" />
            </ground_timer>
			<conditions only_out_town="1" />
        </Piranhado_1>
		<fetisharmy_timer enabled="1" template="cd_timer" keywords="summoned_by_me,snos=87189|89933|89934|90072|409656|410238">
			<ground_label offset_z="0.5" count_down="20">
				<text font_size="8" font_color="255,255,255,255" />
			</ground_label>
			<ground_timer count_down="20" offset_z="0.5" radius="12.5">
				<empty color="100,0,0,0" />
				<fill color="100,255,255,255" />
			</ground_timer>
			<conditions inactive_buffs="318778/*" />                                                                       <!-- only without Zunimassa's -->
			<conditions only_out_town="1" />
		</fetisharmy_timer>
	</actors>
	<overrides>
		<override_Hydra_MM_Disable enabled="1" file="ui_default_actors_skills" path="actors.hydra.enabled" value="0" />
		<override_Sentry_MM_Disable enabled="1" file="ui_default_actors_skills" path="actors.sentry.enabled" value="0" />
		<override_Timer_Disable enabled="1" file="ui_default_actors_skill_timers" path="templates.timer.enabled" value="0" />
	</overrides>
</config>