<?xml version="1.0" encoding="utf-8"?>
<config>
	<templates>
		<healthsphere enabled="1">
			<position x="10" w="80" h="20" container="Root.NormalLayer.game_dialog_backgroundScreenPC.game_progressBar_healthBall" />
			<title font_family="Calibri" font_size="10" font_color="255,190,10,5" font_bold="1" font_shadow="0" font_halign="Right">
				<custom_shadow enabled="1" heavy="1" color="200,0,0,0" />
			</title>
		</healthsphere>
	</templates>

	<labels>
	    <hp_pct enabled="1" template="healthsphere" expression="*hp-cur-pct">                                                                <!-- add current health % to HEALTH SPHERE -->
            <position x="12" y="3" />
            <title font_size="10" font_halign="Center"/>
        </hp_pct>
		
		<!-- current health -->
		<hp_curr template="healthsphere" expression="*hp-cur-nok">
			<position x="17" y="40" />
			<title font_size="16" />
		</hp_curr>

		<!-- current effective healing % (based on the floating numbers) (= 'healing' - 'damage taken') -->
		<healing_netper enabled="1" template="healthsphere" expression="*net-healing-nok" >
			<position x="25" y="55" />
			<title font_color="255,40,170,26" font_halign="Center" />
		</healing_netper>

		<!-- current healing (based on the floating numbers) -->
		<healing_cur enabled="0" template="healthsphere" expression="*hps-cur-plus-nok" >
			<position x="12" y="55" />
			<title font_color="255,94,224,68" />
		</healing_cur>

		<!-- current taken damage (based on the floating numbers) -->
		<damage_taken_cur enabled="0" template="healthsphere" expression="*dtps-cur-minus-nok" >
			<position x="7" y="70" />
			<title font_color="255,255,164,164" />
		</damage_taken_cur>

		<!-- active shield -->
		<shield template="healthsphere" expression="*shield-nok" >
			<position x="12" y="25" />
			<title font_color="255,137,235,244" >
			</title>
		</shield>
	</labels>
	<overrides>
		<!--[ Overrides for Health Sphere ]-->
        <override_healthsphere enabled="1" file="ui_default_labels_ball_of_health">
			<o1 path="templates.default.enabled" value="0" />  
			<o2 path="labels.healing_net.enabled" value="0" />  			
		</override_healthsphere>
	</overrides>
</config>

