<?xml version="1.0" encoding="utf-8"?>
<config>
	<!--************************************************
                     Items/Clickables/Shrines
        ************************************************-->

	<actors>
	    <!--[ Actors for Drops ]-->
        <Mark_HP_Globe enabled="1" keywords="snos=4267">                                                                    <!-- Mark HP Globes on Minimap/Ground | Health Globe: 4267    -->
            <map_shape enabled="1" radius="2" ping_speed="500" shape="circle" color="200,190,10,5" stroke="0" />
            <ground_circle enabled="1" radius="0.75" color="150,190,10,5" />
        </Mark_HP_Globe>
        <Mark_Power_Orb enabled="1" speech_text="" keywords="power_globe">                                                  <!-- Mark Power Orbs on Minimap/Ground with Label | Power Globe: 301283 -->
            <map_shape enabled="1" radius="4" ping_speed="500" shape="circle" color="255,237,210,115" stroke="0" />
            <ground_circle enabled="1" radius="0.75" color="150,237,210,115" />
            <ground_label enabled="1" on_screen="0" off_screen="1" text="PwrOrb">
                <body enabled="1" color="255,237,210,115" stroke="0" />
                <text font_family="Calibri" font_size="7" font_color="255,255,255,255" font_bold="0" font_shadow="0">
                    <custom_shadow enabled="1" heavy="1" color="100,0,0,0" />
                </text>
            </ground_label>
        </Mark_Power_Orb>
        <Mark_Rift_Orb enabled="0" speech_text="" keywords="rift_orb">                                                      <!-- Mark Rift Orbs on Minimap/Ground with Label | Rift Orb: 401751 -->
            <map_shape enabled="1" radius="4" ping_speed="500" shape="circle" color="255,247,93,252" stroke="0" />
            <ground_circle enabled="1" radius="0.9" color="150,247,93,252" />
            <ground_label enabled="1" on_screen="1" off_screen="1" text="RftOrb">
                <body enabled="1" color="255,247,93,252" stroke="0" />
                <text font_family="Calibri" font_size="8" font_color="255,255,255,255" font_bold="0" font_shadow="0">
                    <custom_shadow enabled="1" heavy="1" color="100,0,0,0" />
                </text>
            </ground_label>
        </Mark_Rift_Orb>
        <Mark_Gold_Piles enabled="1" keywords="snos=4311|4312|4313">                                                        <!-- <Mark Gold Piles on Minimap -->
            <map_shape enabled="1" radius="1" ping_speed="250" shape="circle" color="200,255,255,93" stroke="0" />
        </Mark_Gold_Piles>
       <!--[ Actors for Clickables ]-->
        <Mark_Clickables1 enabled="1" keywords="clickable">                                                                 <!-- Mark Most Clickables on Minimap/Ground -->
            <ground_circle enabled="1" radius=".25" ping_speed="0" color="125,186,185,187" stroke="0" />
		</Mark_Clickables1>
		<Mark_Clickables2 enabled="1" keywords="snos=6089|340|85789|85790|121966|5891|192867|91363|189991|260406|112200|195048|210402|348297|348296|348299|199674|199670|199672|222326|162079|174496|97381|61795|113932|116508|286973|377652|377653|287166|380363|380361|246500|58152|56341|211456|52798|53653|108490|108612|108587|54356|242698|284400|284399| 284398|284397|242727|269835|317070|310669|310714|310662|197018|196896|260415|196945|250345|5852|5853|5854|347045|347047|261138|289785|61640|61815|54391|58283|99480|5672|97350|87809|289853|333036|333038|333040|333042|332603|110769|81431|289764|330831|199152|199174|199179|199182|199185|199183|199184|59998|57359|54467|54166|5868|172786|346887|273834|101192|64271|112165|3689|122076|195952|198915|198894|">
            <ground_circle enabled="1" radius=".25" ping_speed="0" color="125,186,185,187" stroke="0" />          <!--|| ImpaledAngel: 348297, 348296, 348299 & 199674; AncientTomes(Zoltun): 222326; AncientUrn(Zoltun): 162079; InfernalCocoon: 174496; JailSittingGuard: 97381    ||-->
        </Mark_Clickables2>                                                                                                 <!--|| VileLesion: 195048 & 210402; AncientCorpses: 286973, 377652, 377653 & 287166; Cesspools_CorpsePile: 380363; Cesspools_Rat_Nest: 380361                     ||-->
       <!--[ Actors for Journals and Satchels ]-->
		<Mark_Lore_Chests enabled="1" keywords="lore_chest">
			<ground_circle enabled="1" radius="0.45" ping_speed="0" color="125,199,141,67" stroke="0" />
        </Mark_Lore_Chests>
       <!--[ Actors for Chests and Shrines ]-->
        <Mark_Chest_Normal enabled="1" speech_text="" keywords="chest_normal">                                              <!-- Mark Normal Chests on Minimap-->
            <map_shape enabled="1" radius="3" ping_speed="0" shape="rectangle" color="160,254,251,244" stroke="0" />
            <ground_circle enabled="1" radius=".45" ping_speed="0" color="75,186,185,187" stroke="0" />
        </Mark_Chest_Normal>
        <Mark_Chest_Resplendent enabled="1" speech_text="" keywords="chest_resplendent">                                    <!-- Mark Resplendent Chests on Minimap-->
            <map_shape enabled="1" radius="5" ping_speed="0" shape="rectangle" color="255,255,252,115" stroke="2" />
        </Mark_Chest_Resplendent>
        <Mark_Healing_Well enabled="1" speech_text="" keywords="healing_well">                                              <!-- Mark Healing Wells on Minimap with Ground Label-->
            <map_shape enabled="1" radius="14" ping_speed="0" shape="x" color="0,190,10,5" stroke="0" />
			<map_label enabled="1" text=" Heal" >
				<text font_family="Calibri" font_size="7" font_color="255,228,18,18" font_bold="1" font_shadow="0">
					<custom_shadow enabled="1" heavy="1" color="75,0,0,0" />
				</text>
			</map_label>
            <ground_label enabled="1" on_screen="0" off_screen="0" text="HealWl">
                <body enabled="1" color="255,190,10,5" stroke="0" />
                <text font_family="Calibri" font_size="8" font_color="255,255,255,255" font_bold="0" font_shadow="0">
                    <custom_shadow enabled="1" heavy="1" color="100,0,0,0" />
                </text>
            </ground_label>
        </Mark_Healing_Well>
        <Mark_Pool_of_Reflection enabled="1" speech_text="" keywords="pool_of_reflection">                                  <!-- Mark Pool of Reflection on Minimap with Ground Label-->
            <map_shape enabled="1" radius="14" ping_speed="0" shape="x" color="0,246,235,17" stroke="0"/>
			<map_label enabled="1" text=" Pool o' R" >
				<text font_family="Calibri" font_size="7" font_color="255,246,235,17" font_bold="1" font_shadow="0">
					<custom_shadow enabled="1" heavy="1" color="75,0,0,0" />
				</text>
			</map_label>
            <ground_label enabled="1" on_screen="0" off_screen="1" text="POfRef">
                <body enabled="1" color="255,246,235,17" stroke="0" />
                <text font_family="Calibri" font_size="8" font_color="255,255,255,255" font_bold="0" font_shadow="0">
                    <custom_shadow enabled="1" heavy="1" color="100,0,0,0" />
                </text>
            </ground_label>
        </Mark_Pool_of_Reflection>
        <Mark_Cursed_Event enabled="1" speech_text="" keywords="cursed_event">                                              <!-- Mark Cursed Chests & Shrines on Minimap with Ground Label-->
            <map_shape enabled="1" radius="4" ping_speed="0" shape="rectangle" color="255,151,41,33" stroke="0" />
			<map_label enabled="1" text="Cursed" >
				<text font_family="Calibri" font_size="7" font_color="255,151,41,33" font_bold="1" font_shadow="0">
					<custom_shadow enabled="1" heavy="1" color="75,0,0,0" />
				</text>
			</map_label>
            <ground_label enabled="1" on_screen="0" off_screen="1" text="Cursed" use_bottom="1" offset_z="-6" >
                <body enabled="1" color="255,151,41,33" stroke="0" />
                <text font_family="Calibri" font_size="8" font_color="255,255,255,255" font_bold="0" font_shadow="0">
                    <custom_shadow enabled="1" heavy="1" color="100,0,0,0" />
                </text>            </ground_label>
        </Mark_Cursed_Event>
		<Mark_Blood_Shard enabled="1" speech_text="" keywords="snos=359504">
			<map_shape enabled="1" radius="2" ping_speed="400" shape="triangle-rotate" color="255,185,73,245" stroke="0" />
			<ground_circle enabled="1" radius="1" color="100,185,73,245" />
			<ground_label enabled="1" on_screen="1" off_screen="1" offset_z="-3" use_bottom="1" text="Blood Shard">
				<body enabled="1" color="100,185,73,245" stroke="0" />
                <text font_family="Calibri" font_size="8" font_color="255,255,255,255" font_bold="0" font_shadow="0">
                    <custom_shadow enabled="1" heavy="1" color="100,0,0,0" />
                </text>
			</ground_label>
		</Mark_Blood_Shard>
	</actors>
    <items>
        <Mark_Emerald enabled="1" keywords="groups=Marquise Emerald|Imperial Emerald">
            <map_shape enabled="1" radius="2" ping_speed="500" shape="circle" color="200,44,255,37" stroke="0" />
            <ground_circle enabled="1" radius="1" color="50,44,255,37" stroke="0" />
        </Mark_Emerald>
        <Mark_Diamonds enabled="1" keywords="groups=Marquise Diamond|Imperial Diamond">
            <map_shape enabled="1" radius="2" ping_speed="500" shape="circle" color="200,163,187,247" stroke="0" />
            <ground_circle enabled="1" radius="1" color="50,163,187,247" stroke="0" />
        </Mark_Diamonds>
        <Mark_Amethyst enabled="1" keywords="groups=Marquise Amethyst|Imperial Amethyst">
            <map_shape enabled="1" radius="2" ping_speed="500" shape="circle" color="200,190,80,250" stroke="0" />
            <ground_circle enabled="1" radius="1" color="50,190,80,250" stroke="0" />
        </Mark_Amethyst>
        <Mark_Ruby enabled="1" keywords="groups=Marquise Ruby|Imperial Ruby">
            <map_shape enabled="1" radius="2" ping_speed="500" shape="circle" color="200,244,41,23" stroke="0" />
            <ground_circle enabled="1" radius="1" color="50,244,41,23" stroke="0" />
        </Mark_Ruby>
        <Mark_Topaz enabled="1" keywords="groups=Marquise Topaz|Imperial Topaz">
            <map_shape enabled="1" radius="2" ping_speed="500" shape="circle" color="200,255,179,13" stroke="0" />
            <ground_circle enabled="1" radius="1" color="50,255,179,13" stroke="0" />
        </Mark_Topaz>
		<Mark_Lore_Books enabled="1" keywords="book">
			<ground_circle enabled="1" radius="0.45" ping_speed="0" color="125,199,141,67" stroke="0" />
        </Mark_Lore_Books>
        <Ramaladni_Gift_Item enabled="1" speech_text="I am Wollus. I am Great." keywords="groups=Ramaladni's Gift">
			<map_shape enabled="1" radius="5" ping_speed="400" shape="triangle-rotate" color="255,255,160,0" stroke="3" />
			<ground_circle enabled="1" radius="1.50" ping_speed="0" color="200,255,160,0" stroke="5" />
        </Ramaladni_Gift_Item>
		<Mark_Legendary_Items enabled="1" speech_text="default" keywords="legendary_regular">                                       <!-- Mark Legendaries on Minimap/Ground with Label -->
            <map_shape enabled="1" radius="2" ping_speed="400" shape="triangle-rotate" color="160,255,128,0" stroke="10" />
            <ground_circle enabled="1" radius="1.125" ping_speed="400" color="150,255,128,0" stroke="0" />
            <ground_label enabled="1" on_screen="1" off_screen="1" text="default" offset_z="-2">
                <text font_family="Calibri" font_size="8" font_bold="1" font_color="255,255,128,0" font_shadow="0" >
                    <custom_shadow enabled="1" heavy="1" color="100,0,0,0" />
                </text>
            </ground_label>
        </Mark_Legendary_Items>
        <Mark_Ancient_Items enabled="1" speech_text="default" keywords="legendary_ancient">                                         <!-- Mark Ancients on Minimap/Ground with Label -->
            <map_shape enabled="1" radius="0.5" ping_speed="400" shape="triangle-rotate" color="200,236,182,0" stroke="20" />
            <ground_circle enabled="1" radius="1.5" ping_speed="400" color="150,236,182,0" stroke="0" />
            <ground_label enabled="1" on_screen="1" off_screen="1" text="default" offset_z="-2">
                <text font_family="Calibri" font_size="8" font_bold="1" font_color="255,236,182,0" font_shadow="0" >
                    <custom_shadow enabled="1" heavy="1" color="100,0,0,0" />
                </text>
            </ground_label>
        </Mark_Ancient_Items>
        <Mark_Rare_Items enabled="0" speech_text="" keywords="rare_only">                                                           <!-- Mark Rare Items on Minimap/Ground with Label -->
            <ground_circle enabled="1" radius=".75" ping_speed="0" color="50,255,255,0" stroke="0" />
        </Mark_Rare_Items>
        <Mark_Uber_Rift_Keys enabled="1" speech_text="" keywords="groups=Uber|RiftKeystone">                                        <!-- Mark Uber Items, Rift/GRift Keystone Fragments, and Keystones of Trials on Minimap/Ground with Label -->
            <map_shape enabled="1" radius="5" ping_speed="333" shape="triangle-rotate" color="255,163,53,238" stroke="3" />
            <ground_circle enabled="1" radius="1.50" ping_speed="0" color="200,163,53,238" stroke="4" />
            <ground_label enabled="1" on_screen="0" off_screen="1" text="default">
                <body enabled="1" color="160,0,0,0" stroke="0" />
                <text font_family="Calibri" font_size="8" font_bold="0" font_color="255,163,53,238" font_shadow="0" >
                    <custom_shadow enabled="1" heavy="1" color="100,0,0,0" />
                </text>
            </ground_label>
        </Mark_Uber_Rift_Keys>
        <Crafting_DeathsBreath enabled="1" speech_text="" keywords="groups=Death's Breath">
            <map_shape enabled="1" radius="3" ping_speed="400" shape="circle" color="255,96,193,167" stroke="0" />
            <ground_circle enabled="1" radius="1" ping_speed="0" color="125,96,193,167" stroke="0" />
            <ground_label enabled="1" on_screen="1" off_screen="1" offset_z="-2" text="default">
                <body enabled="1" color="160,96,193,167" stroke="0" />
                    <text font_family="Calibri" font_size="8" font_bold="1" font_color="255,255,255,255" font_shadow="0" >
                        <custom_shadow enabled="1" heavy="1" color="100,0,0,0" />
                    </text>
            </ground_label>
        </Crafting_DeathsBreath>
        <Crafting_ForgottenSoul enabled="1" speech_text="" keywords="groups=Forgotten Soul">                             <!-- Mark Forgotten Souls and Death's Breath on Minimap/Ground with Label -->
            <map_shape enabled="1" radius="3" ping_speed="400" shape="circle" color="255,228,114,0" stroke="0" />
            <ground_circle enabled="1" radius="1.25" ping_speed="0" color="125,228,114,0" stroke="0" />
            <ground_label enabled="1" on_screen="1" off_screen="1" offset_z="-2.5" text="default">
                <body enabled="1" color="160,228,114,0" stroke="0" />
                    <text font_family="Calibri" font_size="8" font_bold="1" font_color="255,255,255,255" font_shadow="0" >
                        <custom_shadow enabled="1" heavy="1" color="100,0,0,0" />
                    </text>
            </ground_label>
        </Crafting_ForgottenSoul>
        <Crafting_Mats_Low enabled="1" keywords="groups=Veiled Crystal|Arcane Dust|Reusable Parts|Fiery Brimstone|Demonic Essence"> <!-- Mark Veiled Crystal, Arcane Dust, Reusable Parts, Fiery Brimstone & Demonic Essence on Ground -->
            <ground_circle enabled="1" radius=".75" ping_speed="0" color="50,255,255,0" stroke="0"/>
        </Crafting_Mats_Low>
        <Mark_Normal_Rift_Orb enabled="1" speech_text="" keywords="groups=p1_normal_rifts_Orb">
            <map_shape enabled="1" radius="4" ping_speed="500" shape="circle" color="255,198,107,52" stroke="0" />
            <ground_circle enabled="1" radius="0.9" color="150,198,107,52" />
            <ground_label enabled="1" on_screen="1" off_screen="1" offset_z="-2" text="RftOrb">
                <body enabled="1" color="255,198,107,52" stroke="0" />
                <text font_family="Calibri" font_size="8" font_color="255,255,255,255" font_bold="0" font_shadow="0">
                    <custom_shadow enabled="1" heavy="1" color="100,0,0,0" />
                </text>
            </ground_label>
        </Mark_Normal_Rift_Orb>
        <Mark_Greater_Rift_Orb enabled="1" speech_text="" keywords="groups=p1_tiered_rifts_Orb">
            <map_shape enabled="1" radius="4" ping_speed="500" shape="circle" color="255,79,53,145" stroke="0" />
            <ground_circle enabled="1" radius="0.9" color="150,79,53,145" />
            <ground_label enabled="1" on_screen="1" off_screen="1" offset_z="-2" text="RftOrb">
                <body enabled="1" color="255,79,53,145" stroke="0" />
                <text font_family="Calibri" font_size="8" font_color="255,255,255,255" font_bold="0" font_shadow="0">
                    <custom_shadow enabled="1" heavy="1" color="100,0,0,0" />
                </text>
            </ground_label>
        </Mark_Greater_Rift_Orb>
    </items>

	<overrides>
        <override_SellDarken enabled="1" file="ui_default_main" path="inventory.sell_darkening.enabled" value="0" />
        <override_LoreChest enabled="1" file="ui_default_actors_lore" path="actors.lore_chests.enabled" value="0" />
        <override_LoreBook enabled="1" file="ui_default_actors_lore" path="items.lore_books.enabled" value="0" />
		<override_AncientRankFont enabled="1" file="ui_default_main" path="inventory.ancient_rank.title.font_family" value="Calibri" />
		<override_AncientRankShadow enabled="1" file="ui_default_main" path="inventory.ancient_rank.title.font_shadow" value="0" />
		<override_AncientRankCS enabled="1" file="ui_default_main" path="inventory.ancient_rank.title.custom_shadow.color" value="100,200,0,0" />
		<!--[ Overrides for Counters (Bottom of Screen) ]-->
        <override_Inv_Free_Space_Red enabled="1" file="ui_default_labels_utility" path="labels.inventory_free_space_red.enabled" value="0" />        <!-- Inventory Free Space Counter (When Red) -->
        <override_Inv_Free_Space_Yellow enabled="1" file="ui_default_labels_utility" path="labels.inventory_free_space_yellow.enabled" value="0" />  <!-- Inventory Free Space Counter (When Yellow) -->
        <override_Inv_Free_Space_Green1 enabled="1" file="ui_default_labels_utility" path="labels.inventory_free_space_green.enabled" value="0" />   <!-- Inventory Free Space Counter (When Green) -->
        <override_BShard_Red1 enabled="1" file="ui_default_labels_utility" path="labels.token_blood_shard_red.title.enabled" value="0" />                  <!-- Blood Shard Counter(When Red) -->
        <override_BShard_Yellow enabled="1" file="ui_default_labels_utility" path="labels.token_blood_shard_yellow.enabled" value="0" />             <!-- Blood Shard Counter (When Yellow) -->
        <override_BShard_Green1 enabled="1" file="ui_default_labels_utility" path="labels.token_blood_shard_green.enabled" value="0" />              <!-- Blood Shard Counter (When Green) -->
        <!--[ Overrides for Dropped Items ]-->
        <override_Dropped_Items_Template enabled="1" file="ui_default_actors_items" path="templates.items_with_circle.enabled" value="0" />                  <!-- Disable Template for all Dropped Items (Was Re-added as <ITEM>) -->
        <override_Dropped_Items_GCircle1 enabled="1" file="ui_default_actors_items" path="templates.items_with_circle.ground_circle.enabled" value="0" />    <!-- Disable Ground Circles for all Dropped Items -->
        <override_Legendary_Drops1 enabled="1" file="ui_default_actors_items" path="items.legendary.enabled" value="0" />                                    <!-- Disable Legendary Item Tracking (Was Re-added as <ITEM>) -->
				<!--[ Overrides for Shrines and Events ]-->
        <override_Healing_Well1 enabled="1" file="ui_default_actors" path="actors.healing_well.enabled" value="0" />                                         <!-- Disable Healing Wells (Re-added as <ACTOR>) -->
        <override_Pool_of_Reflection1 enabled="1" file="ui_default_actors" path="actors.pool_of_reflection.enabled" value="0" />                             <!-- Disable Pools of Reflection (Re-added as <ACTOR>) -->
        <override_Cursed_Event1 enabled="1" file="ui_default_actors" path="actors.cursed_event.enabled" value="0" />                                         <!-- Disable Cursed Chests and Shrines (Re-added as <ACTOR>) -->
        <override_Norm_Chest1 enabled="1" file="ui_default_actors" path="actors.chest_normal.enabled" value="0" />                                           <!-- Disable Normal Chests (Re-added as <ACTOR>) -->
        <override_Resp_Chest1 enabled="1" file="ui_default_actors" path="actors.chest_resplendent.enabled" value="0" />                                      <!-- Disable Resplendent Chests (Re-added as <ACTOR>) -->
        <override_Rack1 enabled="1" file="ui_default_actors" path="actors.rack_all.enabled" value="0" />
		<override_DeadBodies enabled="1" file="ui_default_actors" path="actors.dead_body.enabled" value="0" />
		<override_Clickables enabled="1" file="ui_default_actors" path="actors.clickable.enabled" value="0" />
		<override_RiftOrb enabled="1" file="ui_default_actors" path="actors.rift_orb.enabled" value="0" />                                                   <!-- Disable Rift Orbs Drops (Re-added as <ACTOR>) -->
		<override_PowerGlobe enabled="1" file="ui_default_actors" path="actors.power_globe.enabled" value="0" />                                                   <!-- Disable Rift Orbs Drops (Re-added as <ACTOR>) -->
	</overrides>
</config>
