<?xml version="1.0" encoding="utf-8"?>
<config>
	<templates>
		<Shrines_Default enabled="1">
			<map_label>
				<text font_family="Calibri" font_size="7" font_color="255,251,252,131" font_bold="0" font_shadow="0">
					<custom_shadow enabled="1" heavy="1" color="100,0,0,0" />
				</text>
			</map_label>
			<map_shape enabled="1" radius="17" ping_speed="0" shape="x" color="0,251,252,131" stroke="0" /> -->
            <ground_label enabled="1" on_screen="1" off_screen="1" offset_z="-4" use_bottom="1">
                <body enabled="1" color="255,251,252,131" stroke="0" />
                <text font_family="Calibri" font_size="8" font_color="255,255,255,255" font_bold="0" font_shadow="0">
                    <custom_shadow enabled="1" heavy="1" color="150,0,0,0" />
                </text>
            </ground_label>
		</Shrines_Default>
	</templates>
	<actors>
		<!-- Empowered -->
		<Mark_Shrine_Empowered template="Shrines_Default" speech_text="" keywords="shrine_empowered">
			<map_label enabled="1" text=" Cool Down" />
			<ground_label enabled="1" on_screen="1" off_screen="0" text="CD" />
		</Mark_Shrine_Empowered>
		<Mark_Shrine_Empoweredb template="Shrines_Default" speech_text="" keywords="shrine_empowered">
			<ground_label enabled="1" on_screen="0" off_screen="1" text="Cool Down" />
		</Mark_Shrine_Empoweredb>
		<!-- Enlightened -->
		<Mark_Shrine_Enlightened template="Shrines_Default" speech_text="" keywords="shrine_enlightened">
			<map_label enabled="1" text=" Bonus Exp" />
			<ground_label enabled="1" on_screen="1" off_screen="0" text="XP" />
		</Mark_Shrine_Enlightened>
		<Mark_Shrine_Enlightenedb template="Shrines_Default" speech_text="" keywords="shrine_enlightened">
			<ground_label enabled="1" on_screen="0" off_screen="1" text="Bonus Exp" />
		</Mark_Shrine_Enlightenedb>
		<!-- Fleeting -->
		<Mark_Shrine_Fleeting template="Shrines_Default" speech_text="" keywords="shrine_fleeting">
			<map_label enabled="1" text=" Movement" />
			<ground_label enabled="1" on_screen="1" off_screen="0" text="MS" />
		</Mark_Shrine_Fleeting>
		<Mark_Shrine_Fleeting2 template="Shrines_Default" speech_text="" keywords="shrine_fleeting">
			<ground_label enabled="1" on_screen="0" off_screen="1" text="Movement Speed" />
		</Mark_Shrine_Fleeting2>
		<!-- Fortune -->
		<Mark_Shrine_Fortune template="Shrines_Default" speech_text="" keywords="shrine_fortune">
			<map_label enabled="1" text=" Gold Find" />
			<ground_label enabled="1" on_screen="1" off_screen="0" text="GF" />
		</Mark_Shrine_Fortune>
		<Mark_Shrine_Fortune2 template="Shrines_Default" speech_text="" keywords="shrine_fortune">
			<ground_label enabled="1" on_screen="0" off_screen="1" text="Gold Find" />
		</Mark_Shrine_Fortune2>
		<!-- Frenzied -->
		<Mark_Shrine_Frenzied template="Shrines_Default" speech_text="" keywords="shrine_frenzied">
			<map_label enabled="1" text=" Attack Speed" />
			<ground_label enabled="1" on_screen="1" off_screen="0" text="AS" />
		</Mark_Shrine_Frenzied>
		<Mark_Shrine_Frenzied2 template="Shrines_Default" speech_text="" keywords="shrine_frenzied">
			<ground_label enabled="1" on_screen="0" off_screen="1" text="Attack Speed" />
		</Mark_Shrine_Frenzied2>
		<!-- Protection -->
		<Mark_Shrine_Protection template="Shrines_Default" speech_text="" keywords="shrine_protection">
			<map_label enabled="1" text=" Protection" />
			<ground_label enabled="1" on_screen="1" off_screen="0" text="PT" />
		</Mark_Shrine_Protection>
		<Mark_Shrine_Protection2 template="Shrines_Default" speech_text="" keywords="shrine_protection">
			<ground_label enabled="1" on_screen="0" off_screen="1" text="Protection" />
		</Mark_Shrine_Protection2>
		<!-- Bandit -->
		<Mark_Shrine_Bandit template="Shrines_Default" speech_text="" keywords="snos=434409|269349">
			<map_label enabled="1" text=" Bandit" />
			<ground_label enabled="1" on_screen="1" off_screen="0" text="BT" />
		</Mark_Shrine_Bandit>
		<Mark_Shrine_Bandit2 template="Shrines_Default" speech_text="" keywords="snos=434409|269349">
			<ground_label enabled="1" on_screen="0" off_screen="1" text="Bandit" />
		</Mark_Shrine_Bandit2>
		<!-- Channeling -->
		<Mark_Shrine_Channeling template="Shrines_Default" speech_text="default" keywords="pylon_channeling">
			<map_label enabled="1" text=" Channeling Pylon" />
			<ground_label enabled="1" on_screen="1" off_screen="0" text="CL" />
		</Mark_Shrine_Channeling>
		<Mark_Shrine_Channeling2 template="Shrines_Default" speech_text="default" keywords="pylon_channeling">
			<ground_label enabled="1" on_screen="0" off_screen="1" text="Channeling Pylon" />
		</Mark_Shrine_Channeling2>
		<!-- Conduit -->
		<Mark_Shrine_Conduit template="Shrines_Default" speech_text="default" keywords="pylon_conduit">
			<map_label enabled="1" text=" Conduit Pylon" />
			<ground_label enabled="1" on_screen="1" off_screen="0" text="Conduit Pylon" />
		</Mark_Shrine_Conduit>
		<Mark_Shrine_Conduit2 template="Shrines_Default" speech_text="default" keywords="pylon_conduit">
			<ground_label enabled="1" on_screen="0" off_screen="1" text="Conduit Pylon" />
		</Mark_Shrine_Conduit2>
		<!-- Power -->
		<Mark_Shrine_Power template="Shrines_Default" speech_text="default" keywords="pylon_power">
			<map_label enabled="1" text=" Power Pylon" />
			<ground_label enabled="1" on_screen="1" off_screen="0" text="Power Pylon" />
		</Mark_Shrine_Power>
		<Mark_Shrine_Power2 template="Shrines_Default" speech_text="default" keywords="pylon_power">
			<ground_label enabled="1" on_screen="0" off_screen="1" text="Power Pylon" />
		</Mark_Shrine_Power2>
		<!-- Shield -->
		<Mark_Shrine_Shield template="Shrines_Default" speech_text="default" keywords="pylon_shield">
			<map_label enabled="1" text=" Shield Pylon" />
			<ground_label enabled="1" on_screen="1" off_screen="0" text="Shield Pylon" />
		</Mark_Shrine_Shield>
		<Mark_Shrine_Shield2 template="Shrines_Default" speech_text="default" keywords="pylon_shield">
			<ground_label enabled="1" on_screen="0" off_screen="1" text="Shield Pylon" />
		</Mark_Shrine_Shield2>
		<!-- Speed -->
		<Mark_Shrine_Speed template="Shrines_Default" speech_text="default" keywords="pylon_speed">
			<map_label enabled="1" text=" Speed Pylon" />
			<ground_label enabled="1" on_screen="1" off_screen="0" text="Speed Pylon" />
		</Mark_Shrine_Speed>
		<Mark_Shrine_Speed2 template="Shrines_Default" speech_text="default" keywords="pylon_speed">
			<ground_label enabled="1" on_screen="0" off_screen="1" text="Speed Pylon" />
		</Mark_Shrine_Speed2>
	</actors>
	<overrides>
        <override_Shrine_All enabled="1" file="ui_default_actors" path="actors.shrine_all.enabled" value="0" />                                             <!-- Disable Shrines (Re-added as <ACTOR>) -->
	</overrides>
</config>
