﻿<?xml version="1.0" encoding="utf-8"?>
<config>

	<!-- !!! DO NOT MODIFY THIS FILE !!! -->
	<!-- You have to put your UI customization elements into \config\ui_user folder -->

	<!-- snippet created by: legendofbrett -->
	<templates>
		<warning enabled="1">
			<position h="100" w="100" container="Root.NormalLayer.minimap_dialog_backgroundScreen.minimap_dialog_pve.minimap_pve_main" />
			<title font_family="Calibri" font_color="255,255,255,255"  />
			<body color="40,255,0,0" stroke="0" />
			<border stroke="1" color="100,255,0,0" />
		</warning>
	</templates>

	<labels>
			<monk template="warning" expression=" ">
				<conditions active_buffs="156484/1" />
			</monk>

			<wiz template="warning" expression=" ">
				<conditions active_buffs="208474/1" />
			</wiz>

			<wizfb template="warning" expression=" ">
				<conditions active_buffs="359580/1" />
			</wizfb>

			<dh template="warning" expression=" ">
				<conditions active_buffs="324770/1" />
			</dh>

			<wd template="warning" expression=" ">
				<conditions active_buffs="218501/1" />
			</wd>

			<sader template="warning" expression=" ">
				<conditions active_buffs="309830/1" />
			</sader>
			
			<barb template="warning" expression=" ">
				<conditions active_buffs="217819/1" />
			</barb>
			
			<pofsk template="warning" expression=" ">
				<conditions active_buffs="334883/1" />
			</pofsk>
			
			<beckonsail template="warning" expression=" ">
				<conditions active_buffs="318420/1" />
			</beckonsail>
			
			<beckonsail2 template="warning" expression=" ">
				<conditions active_buffs="318386/1" />
			</beckonsail2>
			
			<ancestorsgrace template="warning" expression=" ">
				<conditions active_buffs="318378/1" />
			</ancestorsgrace>
	</labels>

</config>