<?xml version="1.0" encoding="utf-8"?>
<config>
	<templates>
		<resourcesphere enabled="1">
			<position x="0" h="20" w="100" container="Root.NormalLayer.game_dialog_backgroundScreenPC.game_progressBar_manaBall" />
			<title font_family="Calibri" font_size="16" font_bold="1" font_shadow="0" font_halign="Center">
				<custom_shadow enabled="1" heavy="1" color="255,0,0,0" />
			</title>
		</resourcesphere>
		<rsvalues template="resourcesphere" enabled="1">
			<position y="40" />
		</rsvalues>
		<rspercentages template="resourcesphere" enabled="1">
			<position y="8" h="15" />
			<title font_size="10" />
		</rspercentages>
		<rsregens template="resourcesphere" enabled="1">
			<position y="70" />
			<title font_size="10" />
		</rsregens>
	</templates>

	<labels>
		<!-- arcane -->
		<resource_arcane template="rsvalues" expression="*resource-arcane">
			<title font_color="255,135,50,130" />
			<conditions class="wizard" />
		</resource_arcane>
		<!-- arcane % -->
		<resource_arcane_pct template="rspercentages" expression="*resource-arcane-pct">
			<title font_color="255,135,50,130" />
			<conditions class="wizard" />
		</resource_arcane_pct>
		<!-- arcane regen -->
		<resource_arcane_reg template="rsregens" expression="*resource-arcane-reg">
			<position x="0" w="100" />
			<title font_color="255,135,50,130" />
			<conditions class="wizard" />
		</resource_arcane_reg>
		
		<!-- mana -->
		<resource_mana template="rsvalues" expression="*resource-mana">
			<title font_color="255,65,60,171" />
			<conditions class="witchdoctor" />
		</resource_mana>
		<!-- mana % -->
		<resource_mana_pct template="rspercentages" expression="*resource-mana-pct">
			<title font_color="255,65,60,171" />
			<conditions class="witchdoctor" />
		</resource_mana_pct>
		<!-- mana regen -->
		<resource_mana_reg template="rsregens" expression="*resource-mana-reg">
			<position x="0" w="100" />
			<title font_color="255,65,60,171" />
			<conditions class="witchdoctor" />
		</resource_mana_reg>
		
		<!-- spirit -->
		<resource_spirit template="rsvalues" expression="*resource-spirit">
			<title font_color="255,190,173,132" />
			<conditions class="monk" />
		</resource_spirit>
		<!-- spirit % -->
		<resource_spirit_pct template="rspercentages" expression="*resource-spirit-pct">
			<title font_color="255,190,173,132" />
			<conditions class="monk" />
		</resource_spirit_pct>
		<!-- spirit regen -->
		<resource_spirit_reg template="rsregens" expression="*resource-spirit-reg">
			<position x="0" w="100" />
			<title font_color="255,190,173,132" />
			<conditions class="monk" />
		</resource_spirit_reg>

		<!-- fury -->
		<resource_fury template="rsvalues" expression="*resource-fury">
			<title font_color="255,223,81,21" />
			<conditions class="barbarian" />
		</resource_fury>
		<!-- fury % -->
		<resource_fury_pct template="rspercentages" expression="*resource-fury-pct">
			<title font_color="255,223,81,21" />
			<conditions class="barbarian" />
		</resource_fury_pct>
		<!-- fury regen -->
		<resource_fury_reg template="rsregens" expression="*resource-fury-reg">
			<title font_color="255,223,81,21" />
			<conditions class="barbarian" />
		</resource_fury_reg>

		<!-- hatred -->
		<resource_hatred template="rsvalues" expression="*resource-hatred">
			<position x="-6" w="45" />
			<title font_color="255,202,72,33" font_halign="Right" />
			<conditions class="demonhunter" />
		</resource_hatred>
		<!-- hatred % -->
		<resource_hatred_pct template="rspercentages" expression="*resource-hatred-pct">
			<position w="50" />
			<title font_color="255,202,72,33" font_size="6.5" font_halign="Right" />
			<conditions class="demonhunter" />
		</resource_hatred_pct>
		<!-- hatred regen -->
		<resource_hatred_reg template="rsregens" expression="*resource-hatred-reg">
			<position w="44" />
			<title font_color="255,202,72,33" font_size="8" font_halign="Right" />
			<conditions class="demonhunter" />
		</resource_hatred_reg>

		<!-- discipline -->
		<resource_discipline template="rsvalues" expression="*resource-discipline">
			<position x="65" w="45" />
			<title font_color="255,117,162,238" font_halign="Left" />
			<conditions class="demonhunter" />
		</resource_discipline>
		<!-- discipline % -->
		<resource_discipline_pct template="rspercentages" expression="*resource-discipline-pct">
			<position x="51" w="43" />
			<title font_color="255,117,132,238" font_size="6.5" font_halign="Left" />
			<conditions class="demonhunter" />
		</resource_discipline_pct>
		<!-- discipline regen -->
		<resource_discipline_reg template="rsregens" expression="*resource-discipline-reg">
			<position x="53" w="43" />
			<title font_color="255,117,132,238" font_size="8" font_halign="Left" />
			<conditions class="demonhunter" />
		</resource_discipline_reg>

		<!-- wrath -->
		<resource_wrath template="rsvalues" expression="*resource-wrath">
			<title font_color="255,111,104,84" />
			<conditions class="crusader" />
		</resource_wrath>
		<!-- wrath % -->
		<resource_wrath_pct template="rspercentages" expression="*resource-wrath-pct">
			<title font_color="255,111,104,84" />
			<conditions class="crusader" />
		</resource_wrath_pct>
		<!-- wrath regen -->
		<resource_wrath_reg template="rsregens" expression="*resource-wrath-reg">
			<title font_color="255,111,104,84" />
			<conditions class="crusader" />
		</resource_wrath_reg>
	</labels>
	<overrides>
	    <override_resourcesphere enabled="1" file="ui_default_labels_ball_of_resource">
			<ors1 path="templates.default.enabled" value="0" />
			<ors2 path="templates.values.enabled" value="0" />
			<ors3 path="templates.percentages.enabled" value="0" />
			<ors4 path="templates.regens.enabled" value="0" />  
		</override_resourcesphere>
	</overrides>
</config>
