<?xml version="1.0" encoding="utf-8"?>
<config>
	<!--************************************************
             Paragon Experience Bar Customizations
        ************************************************-->
	<templates>
		<expbar_def enabled="1" zone="expbar">                                                                                             <!-- Experience Bar Zone -->
		</expbar_def>
		<txt template="expbar_def">                                                                                                        <!-- Base Settings For Experience Bar Text -->
			<position w="5.5" h="2.55" container="*window-rect-center" />
			<body color="0,0,0,0" />
			<title font_family="Calibri" font_size="8" font_bold="0" font_color="255,255,255,255" font_shadow="0" font_halign="Center">
                <custom_shadow enabled="1" heavy="1" color="100,0,0,0" />
            </title>
			<conditions only_at_max_level="1" mouse_near="18.8,91.25,62.3,0.85" only_idle="1" />
		</txt>
		<txt_meas template="txt">                                                                                                          <!-- Base Settings For Measurements Text -->
			<position w="8.75" />
			<title font_color="255,199,179,119" font_halign="Right" />
		</txt_meas>
		<txt_req template="txt">                                                                                                           <!-- Base Settings For Requirements Text -->
			<title font_color="255,199,179,119" font_halign="Right" />
		</txt_req>
		<time template="txt">                                                                                                              <!-- Base Settings For Time Values -->
			<position w="6.75" />
			<title font_halign="Right" />
		</time>
		<expreq template="time">                                                                                                           <!-- Base Settings For Experience Required Values -->
			<position w="4.5" />
			<title font_color="255,0,255,0" />
		</expreq>
		<xph template="txt">                                                                                                               <!-- Base Settings For Experience per Hour Values -->
			<position w="5" />
			<title font_halign="Left" />
		</xph>
	</templates>
	<labels>
		<level_cur template="txt" expression="*exp-level-cur">							                             <!-- Current Paragon Level -->
			<position x="18.8" y="90.25" w="24.92"/>
			<conditions only_at_max_level="1" mouse_near="" only_idle="" />
		</level_cur>
		<xph_today template="txt" expression="*exp-level-time-to-next1-value"> 		                         <!-- Experience Per Hour Today -->
			<position x="56.18" y="90.25" w="24.92"/>
			<conditions only_at_max_level="1" mouse_near="" only_idle="" />
		</xph_today>
		<fixed_background_requirements template="expbar_def" expression=" ">                                         <!-- Requirements Background -->
			<position x="11.95" y="74.2" w="75.95" h="13.6" container="*window-rect-center" />
			<body color="255,0,0,0" />
			<border color="255,46,39,27" stroke="2.5" />
			<title font_family="Calibri" font_size="9" font_halign="Center" font_bold="0" font_color="255,0,0,0" font_shadow="0" />
			<conditions only_at_max_level="1" mouse_near="18.8,91.25,62.3,0.85" only_idle="1" />
		</fixed_background_requirements>
<!--		<fixed_background_measurements template="expbar_def" expression=" ">                                       
			<position x="69.3" y="74.35" w="14.85" h="13.3" container="*window-rect-center" />
			<body color="255,0,0,0" />
			<border color="255,46,39,27" stroke="2.5" />
			<title font_family="Calibri" font_size="8" font_halign="Center" font_bold="0" font_color="255,0,0,0" font_shadow="0" />
			<conditions only_at_max_level="1" mouse_near="18.8,91.25,62.3,0.85" only_idle="1" />
		</fixed_background_measurements> -->
		<header_requirements template="txt" expression="To Next Level">                                              <!-- Requirements Header -->
			<position x="10.25" y="74.1" w="18.5" />
			<title font_color="255,199,179,119" />
		</header_requirements>
		<header_measurements template="txt" expression="Experience Per Hour">                                        <!-- Measurements Header -->
			<position x="73.25" y="74.1" w="14.85" />
			<title font_color="255,199,179,119" />
		</header_measurements>
		<to_nextx_time template="time" expression="Time">                                                            <!-- Time Header -->
			<position x="15.25" y="85.3" />
			<title font_color="255,199,179,119" font_halign="Center"/>
		</to_nextx_time>
		<to_nextx_exp template="expreq" expression="Exp">                                                            <!-- Experience Required Header -->
			<position x="22" y="85.3" />
			<title font_color="255,199,179,119" font_halign="Center"/>
		</to_nextx_exp>
		<to_next1_txt template="txt_req" expression="+1">                                                            <!-- Current Level +1 -->
			<position x="10.25" y="75.5" />
		</to_next1_txt>
		<to_next1_time template="time" expression="*exp-level-time-to-next1-value">
			<position x="15.25" y="75.5" />
		</to_next1_time>
		<to_next1_exp template="expreq" expression="*exp-level-exp-to-next1">
			<position x="22" y="75.5" />
		</to_next1_exp>
		<to_next2_txt template="txt_req" expression="+2">                                                            <!-- Current Level +2 -->
			<position x="10.25" y="76.9" />
		</to_next2_txt>
		<to_next2_time template="time" expression="*exp-level-time-to-next2-value" >
			<position x="15.25" y="76.9" />
		</to_next2_time>
		<to_next2_exp template="expreq" expression="*exp-level-exp-to-next2">
			<position x="22" y="76.9" />
		</to_next2_exp>
		<to_next3_txt template="txt_req" expression="+3">                                                            <!-- Current Level +3 -->
			<position x="10.25" y="78.3" />
		</to_next3_txt>
		<to_next3_time template="time" expression="*exp-level-time-to-next3-value" >
			<position x="15.25" y="78.3" />
		</to_next3_time>
		<to_next3_exp template="expreq" expression="*exp-level-exp-to-next3">
			<position x="22" y="78.3" />
		</to_next3_exp>
		<to_next10_txt template="txt_req" expression="+10">                                                          <!-- Current Level +10 -->
			<position x="10.25" y="79.7" />
		</to_next10_txt>
		<to_next10_time template="time" expression="*exp-level-time-to-next10-value" >
			<position x="15.25" y="79.7" />
		</to_next10_time>
		<to_next10_exp template="expreq" expression="*exp-level-exp-to-next10">
			<position x="22" y="79.7" />
		</to_next10_exp>
		<to_next20_txt template="txt_req" expression="+20">                                                          <!-- Current Level +20 -->
			<position x="10.25" y="81.1" />
		</to_next20_txt>
		<to_next20_time template="time" expression="*exp-level-time-to-next20-value" >
			<position x="15.25" y="81.1" />
		</to_next20_time>
		<to_next20_exp template="expreq" expression="*exp-level-exp-to-next20">
			<position x="22" y="81.1" />
		</to_next20_exp>
		<to_next50_txt template="txt_req" expression="+50">                                                          <!-- Current Level +50 -->
			<position x="10.25" y="82.5" />
		</to_next50_txt>
		<to_next50_time template="time" expression="*exp-level-time-to-next50-value" >
			<position x="15.25" y="82.5" />
		</to_next50_time>
		<to_next50_exp template="expreq" expression="*exp-level-exp-to-next50">
			<position x="22" y="82.5" />
		</to_next50_exp>
		<to_next100_txt template="txt_req" expression="+100">                                                        <!-- Current Level +100 -->
			<position x="10.25" y="83.9" />
		</to_next100_txt>
		<to_next100_time template="time" expression="*exp-level-time-to-next100-value" >
			<position x="15.25" y="83.9" />
		</to_next100_time>
		<to_next100_exp template="expreq" expression="*exp-level-exp-to-next100">
			<position x="22" y="83.9" />
		</to_next100_exp>
		<xph_hero_today_again template="xph" expression="*stattracker.hero_today.exp_per_hour">                      <!-- Experience per Hour | Hero - Today -->
			<position x="73.25" y="75.5" />
		</xph_hero_today_again>
		<xph_hero_today_again_txt template="txt_meas" expression="Hero - Today">
			<position x="78.5" y="75.5" />
		</xph_hero_today_again_txt>
		<xph_account_today_again template="xph" expression="*stattracker.account_today.exp_per_hour">                <!-- Experience per Hour | Account - Today -->
			<position x="73.25" y="76.9" />
		</xph_account_today_again>
		<xph_account_today_again_txt template="txt_meas" expression="Account - Today">
			<position x="78.5" y="76.9" />
		</xph_account_today_again_txt>
		<xph_session template="xph" expression="*stattracker.current_session.exp_per_hour">                          <!-- Experience per Hour | This Session -->
			<position x="73.25" y="78.3" />
		</xph_session>
		<xph_session_txt template="txt_meas" expression="This Session">
			<position x="78.5" y="78.3" />
		</xph_session_txt>
		<xph_sessionabs template="xph" expression="*stattracker.current_session_abs.exp_per_hour">                   <!-- Experience per Hour | Session (Abs) -->
			<position x="73.25" y="79.7" />
		</xph_sessionabs>
		<xph_sessionabs_txt template="txt_meas" expression="Session (Abs)">
			<position x="78.5" y="79.7" />
		</xph_sessionabs_txt>
		<xph_run template="xph" expression="*stattracker.current_run.exp_per_hour">                                  <!-- Experience per Hour | Run -->
			<position x="73.25" y="81.1" />
		</xph_run>
		<xph_run_txt template="txt_meas" expression="Current Run">
			<position x="78.5" y="81.1" />
		</xph_run_txt>
		<xph_area template="xph" expression="*stattracker.current_area_currentrun.exp_per_hour">                     <!-- Experience per Hour | In This Area -->
			<position x="73.25" y="82.5" />
		</xph_area>
		<xph_area_txt template="txt_meas" expression="In This Area">
			<position x="78.5" y="82.5" />
		</xph_area_txt>
		<xph_area_total template="xph" expression="*stattracker.current_area_total.exp_per_hour">                    <!-- Experience per Hour | Avg In This Area -->
			<position x="73.25" y="83.9" />
		</xph_area_total>
		<xph_area_total_txt template="txt_meas" expression="Avg In This Area">
			<position x="78.5" y="83.9" />
		</xph_area_total_txt>
		<exp_over_bar_1 enabled="1" expression="*exp-in-this-level-nok" container="Root.NormalLayer.game_dialog_backgroundScreenPC.game_window_hud_overlay">
			<position x="41.9" y="45" w="8" h="11" container="Root.NormalLayer.game_dialog_backgroundScreenPC.game_window_hud_overlay" />
			<title font_family="Calibri" font_size="7" font_bold="0" font_color="255,255,255,255" font_shadow="0" font_halign="Right">
                <custom_shadow enabled="1" heavy="1" color="100,0,0,0" />
            </title>
		</exp_over_bar_1>
		<exp_over_bar_2 enabled="1" expression="*exp-to-next-level-nok" container="Root.NormalLayer.game_dialog_backgroundScreenPC.game_window_hud_overlay">
			<position x="50.3" y="45" w="8" h="11" container="Root.NormalLayer.game_dialog_backgroundScreenPC.game_window_hud_overlay" />
			<title font_family="Calibri" font_size="7" font_bold="0" font_color="255,255,255,255" font_shadow="0" font_halign="Left">
                <custom_shadow enabled="1" heavy="1" color="100,0,0,0" />
            </title>
		</exp_over_bar_2>
		<exp_over_bar_3 enabled="1" expression="/" container="Root.NormalLayer.game_dialog_backgroundScreenPC.game_window_hud_overlay">
			<position x="49.75" y="44.6" w="8" h="11" container="Root.NormalLayer.game_dialog_backgroundScreenPC.game_window_hud_overlay" />
			<title font_family="Calibri" font_size="6" font_bold="0" font_color="255,255,255,255" font_shadow="0" font_halign="Left">
                <custom_shadow enabled="1" heavy="1" color="100,0,0,0" />
            </title>
		</exp_over_bar_3>
    </labels>
	
	<overrides>
	    <override_ParaExpBar_Enable enabled="1" file="ui_default_labels_expbar" path="templates.default.enabled" value="0" />                                <!-- Disable Paragon Experience Bar -->
        <override_ParaExpBar_Activator_Disable enabled="1" file="ui_default_labels_expbar" path="activators.activator.enabled" value="0" />                  <!-- Disable Activator of Paragon Experience Bar -->
        <override_EXPOverBar1 enabled="1" file="ui_default_labels_utility" path="labels.exp_over_bar_a.enabled" value="0" />                       <!-- Customize EXP Over Bar - Font Size -->
        <override_EXPOverBar2 enabled="1" file="ui_default_labels_utility" path="labels.exp_over_bar_b.enabled" value="0" />                       <!-- Customize EXP Over Bar - Font Size -->
	</overrides>
</config>