<?xml version="1.0" encoding="utf-8"?>
<config>
	<!--************************************************
             2.1.2 Goblins Based on Snippet from Arkahr
        ************************************************-->
	<templates>
        <goblin enabled="1" speech_text="" keywords="" >                                             <!-- Template used by New Goblin Marking for 2.1.2 -->
            <map_label>
				<text font_family="Calibri" font_size="7" font_color="255,251,252,131" font_bold="0" font_shadow="0">
					<custom_shadow enabled="1" heavy="1" color="100,0,0,0" />
				</text>
			</map_label>
			<ground_label enabled="1" on_screen="1" off_screen="1" text="default" use_bottom="1" offset_z="-5">                                                         <!-- Off Screen Label for Chasing Goblin -->    
                <body enabled="1" color="255,255,255,255" stroke="0" />                                                                    <!-- Default Label Color -->
                <text font_family="Calibri" font_size="8" font_bold="1" font_color="255,255,255,255" font_shadow="0">                      <!-- Default Label Font  -->
                    <custom_shadow enabled="1" heavy="1" color="100,0,0,0" />
                </text>
            </ground_label>
        </goblin>
        <rainbow template="goblin">
			<map_label>
				<text font_color="255,101,212,241"/>
			</map_label>
            <ground_label>                
                <body color="255,101,212,241" />
            </ground_label>
        </rainbow>
        <blood_thief template="goblin">  
			<map_label>
				<text font_color="255,110,39,124"/>
			</map_label>		
            <ground_label>                
                <body color="255,110,39,124" />
            </ground_label>
        </blood_thief>
		<odious_colector template="goblin">
			<map_label>
				<text font_color="255,60,237,24"/>
			</map_label>
            <ground_label>
                <body color="255,60,237,24" />
            </ground_label>            
        </odious_colector>   
        <gem_hoarder template="goblin">
			<map_label>
				<text font_color="255,194,188,172"/>
			</map_label>
            <ground_label>
                <body color="255,194,188,172" />
            </ground_label>            
        </gem_hoarder>    
        <malevolent_tormentor template="goblin">
			<map_label>
				<text font_color="255,234,177,96"/>
			</map_label>
            <ground_label>
                <body color="255,234,177,96" />
            </ground_label>                
        </malevolent_tormentor>
        <gilded_baron template="goblin">
			<map_label>
				<text font_color="255,249,252,48"/>
			</map_label>
            <ground_label>
                <body color="255,249,252,48" />
            </ground_label>                
        </gilded_baron>
		<insufferable_miscreant template="goblin">
			<map_label>
				<text font_color="255,69,107,98"/>
			</map_label>
            <ground_label>
                <body color="255,69,107,98" />
            </ground_label>                
        </insufferable_miscreant>
		<gelatinous_sire template="goblin">
			<map_label>
				<text font_color="255,68,109,242"/>
			</map_label>
            <ground_label>
                <body color="255,68,109,242" />
            </ground_label>                
        </gelatinous_sire>
        <treasure_goblin template="goblin">
			<map_label>
				<text font_color="255,193,143,92"/>
			</map_label>
            <ground_label>
                <body color="255,193,143,92" />
            </ground_label>            
        </treasure_goblin>
        <treasure_fiend template="goblin">
			<map_label>
				<text font_color="255,193,143,92"/>
			</map_label>
            <ground_label>
                <body color="255,193,143,92" />
            </ground_label>            
        </treasure_fiend>
	</templates>

	<monsters>
	    <goblin_rainbow enabled="1" template="rainbow" keywords="groups=Rainbow Goblin" />                         
	    <goblin_blood_thief enabled="1" template="blood_thief" keywords="groups=Blood Thief" />                         
        <goblin_odious_collector enabled="1" template="odious_collector" keywords="groups=Odious Collector" />
        <goblin_gem_hoarder enabled="1" template="gem_hoarder" keywords="groups=Gem Hoarder" />
        <goblin_malevolent_tormentor enabled="1" template="malevolent_tormentor" keywords="groups=Malevolent Tormentor" />
        <goblin_gilded_baron enabled="1" template="malevolent_tormentor" keywords="groups=Gilded Baron" />
        <goblin_insufferable_miscreant enabled="1" template="malevolent_tormentor" keywords="groups=Insufferable Miscreant" />
        <goblin_gelatinous_sire enabled="1" template="malevolent_tormentor" keywords="groups=Gelatinous Sire" />
        <goblin_treasure_goblin enabled="1" template="treasure_goblin" keywords="groups=Treasure Goblin" />
        <goblin_treasure_fiend enabled="1" template="treasure_fiend" keywords="groups=Treasure Fiend" />
    </monsters>
	
	<overrides>
        <override_Goblin_Actor_Disabled enabled="1" file="ui_default_actors_monsters" path="actors.goblin_portal.enabled" value="0" />                       <!-- Disable Minimap Dots for Goblin Portals -->
        <override_Goblin_Monster_Disabled enabled="1" file="ui_default_actors_monsters" path="monsters.goblin.enabled" value="0" />                          <!-- Disable Minimap Dots for Goblins -->
	</overrides>
</config>