<?xml version="1.0" encoding="utf-8"?>
<config>
	<!--************************************************
                        Monsters and Traps
        ************************************************-->
		<actors>
        <!--{[ Rift Guardian/Boss Skills ]}-->
        <GCircle_RG_Tornado_ET enabled="1" keywords="snos=139741">                                                          <!-- Mark Rift Guardian's Tornado/Energy Twister (Sand Shaper) on Ground -->
            <ground_circle enabled="1" radius="10" stroke="2" dash="Dash" color="160,181,100,57" />
        </GCircle_RG_Tornado_ET>
        <GCircle_RG_AOE_Poison enabled="1" keywords="snos=360046">                                                          <!-- Mark Rift Guardian's AOE DOT Poison (The Choker) on Ground -->
            <ground_circle enabled="1" radius="10" stroke="2" dash="Dash" color="160,70,109,0" />
        </GCircle_RG_AOE_Poison>
        <GCircle_RG_Fire_Pentagram enabled="1" keywords="snos=159163|359693">                                               <!-- Mark Rift Guardian's Fire Pentagram (Impact: 159163 | AOE DOT Fire: 359693) on Ground -->
            <ground_circle enabled="1" radius="10" stroke="4" dash="Dash" color="100,191,86,8" />
        </GCircle_RG_Fire_Pentagram>
        <GCircle_RG_Dangerous_Skills1 enabled="1" keywords="snos=93837|368453|374732|3026">                                        <!-- Mark RiftGuardian's Dangerous Skills (Gas (Ghom): 93837 |  Rocks (Perendi): 368453 | Falling Rocks: 3026) on Ground    -->
            <ground_circle enabled="1" radius="20" stroke="2" dash="Dash" color="160,255,50,50" />
        </GCircle_RG_Dangerous_Skills1>
		<GCircle_RG_Rime_Ice1 enabled="1" keywords="snos=359703">
			<ground_circle enabled="1" color="100,121,146,186" radius="12" stroke="2" dash="Dash" />
		</GCircle_RG_Rime_Ice1>
		<GCircle_RG_Rime_Ice2 enabled="1" keywords="snos=363356">
			<ground_circle enabled="1" color="100,121,146,186" radius="22" stroke="2" dash="Dash" />
		</GCircle_RG_Rime_Ice2>
        <GCircle_Diablo_Ring_of_Fire enabled="1" keywords="snos=226350">                                                    <!-- Mark Diablo's Ring of Fire on Ground -->
            <ground_circle enabled="1" radius="15" stroke="3" dash="Dash" color="160,191,86,8" />
        </GCircle_Diablo_Ring_of_Fire>
        <GCircle_Maghda_Punish_Projectile enabled="1" keywords="snos=278340">                                               <!-- Mark Maghda/Uber Maghda's Punish Projectile on Ground -->
            <ground_circle enabled="1" radius="0.8" stroke="2" dash="Dash" color="160,255,50,50" />
        </GCircle_Maghda_Punish_Projectile>
        <GCircle_ZK_SlowTime_Bubble enabled="1" keywords="snos=185924">                                                     <!-- Mark Zoltun Kulle's Slow Time Bubble on Ground -->
            <ground_circle enabled="1" radius="20" stroke="2" dash="Dash" color="160,255,50,50" />
        </GCircle_ZK_SlowTime_Bubble>

            <!--{[ Monster Effects ]}-->
        <GCircle_Brute_Leap enabled="1" keywords="snos=289827">                                                             <!-- Mark Giant Brute's Leap (A5): 289827 on Ground -->
            <ground_circle enabled="1" radius="15" stroke="3" dash="Dash" color="220,255,50,50" />
        </GCircle_Brute_Leap>
        <GCircle_Projectiles enabled="1" keywords="snos=5212|5215|312942|353256">                                           <!-- Mark Projectiles (A5 mobs / A2 sand wasps: 5212 & 5215 | Unknown: 312942 & 353256) on Ground -->
			<ground_shape enabled="1" offset_z="2" radius="0.5" ping_speed="0" shape="x" color="200,157,207,48" stroke="3" />
        </GCircle_Projectiles>
        <GCircle_WoodWraith_Spore_Emitter enabled="0" keywords="snos=6578|4176">                                            <!-- Mark Wood Wraith's Spore Cloud Emitter: 6578 on Ground -->
            <ground_circle enabled="1" radius="5" stroke="2" dash="Dash" color="160,255,0,255" />
        </GCircle_WoodWraith_Spore_Emitter>
        <GCircle_WoodWraith_Spore enabled="1" keywords="snos=5482">                                                         <!-- Mark Wood Wraith's Spore: 5482 on Ground -->
            <ground_circle enabled="1" radius="5" stroke="2" dash="Dash" color="160,189,192,67" />
        </GCircle_WoodWraith_Spore>
        <GCircle_Morlu_Meteor enabled="1" keywords="snos=159369|159368|159367">                                             <!-- Mark Morlu Incinerator's Meteor incl. RiftGuardian (Pending: 159369 | Impact: 159368 | AfterBurn: 159367) on Ground -->
            <ground_circle enabled="1" radius="20" stroke="4" dash="Dash" color="100,191,86,8" />
        </GCircle_Morlu_Meteor>
        <GCircle_Elemental_Projectile1 enabled="0" keywords="snos=108771|5392|5374">                                        <!-- Mark Fireball/Arcane Projectiles (DemonFlyer: 108771 | Impact: 160401 | SkeletonSummoner: 5392 | SkeletonMage: 5374) on Ground -->
            <ground_circle enabled="1" radius="1" stroke="0" color="100,200,20,150" />
        </GCircle_Elemental_Projectile1>
            <!--{[ Irregular Monster Effects ]}-->
        <GCircle_Mortar_Projectiles enabled="1" keywords="snos=365810">                                                     <!-- Mark Elite's Mortar Projectiles When They Land: 365810 on Ground -->
            <ground_circle enabled="1" radius="5" stroke="2" dash="Dash" color="160,206,155,2" />
        </GCircle_Mortar_Projectiles>
        <GCircle_Smoldering_Pool enabled="1" keywords="snos=432">                                                           <!-- Mark Smouldering Construct's Fire Pool (A2): 432 on Ground (off-center) -->
            <ground_circle enabled="1" radius="9" stroke="2.5" dash="Dash" color="160,255,10,10" />
        </GCircle_Smoldering_Pool>
            <!--{[ Dangerous Traps/Devices ]}-->
        <Mark_Demonic_Forge enabled="1" keywords="snos=185391|174900">                                                      <!-- Mark Demonic Forge (A3): 185391 & 174900 on Ground with Label -->
            <ground_label enabled="1" on_screen="1" off_screen="1" text="CAUTION! Demonic Forge">
                <body enabled="1" color="255,0,0,0" stroke="0" />
                <text font_family="Calibri" font_size="8" font_color="255,255,255,255" font_bold="1" font_shadow="0">
                    <custom_shadow enabled="1" heavy="1" color="100,0,0,0" />
                </text>
            </ground_label>
        </Mark_Demonic_Forge>
        <Mark_Furnace_Wall enabled="1" keywords="snos=355365">                                                              <!-- Mark Furnace Wall (A5): 355365 on Ground with Label -->
            <ground_label enabled="1" on_screen="1" off_screen="1" text="CAUTION! Furnace Wall">
                <body enabled="1" color="255,0,0,0" stroke="0" />
                <text font_family="Calibri" font_size="8" font_color="255,255,255,255" font_bold="1" font_shadow="0">
                    <custom_shadow enabled="1" heavy="1" color="100,0,0,0" />
                </text>
            </ground_label>
        </Mark_Furnace_Wall>
        <Mark_Bog_Trap enabled="1" keywords="snos=239487">                                                                  <!-- Mark Bog Trap: 239487 on Ground with Label -->
            <ground_label enabled="1" on_screen="1" off_screen="1" text="CAUTION! Bog Trap">
                <body enabled="1" color="255,0,0,0" stroke="0" />
                <text font_family="Calibri" font_size="8" font_color="255,255,255,255" font_bold="1" font_shadow="0">
                    <custom_shadow enabled="1" heavy="1" color="100,0,0,0" />
                </text>
            </ground_label>
        </Mark_Bog_Trap>
        <Mark_Demon_Mine enabled="1" keywords="snos=118596">                                                                  <!-- Mark Bog Trap: 239487 on Ground with Label -->
            <ground_label enabled="1" on_screen="1" off_screen="1" text="CAUTION! Demon Mine">
                <body enabled="1" color="255,0,0,0" stroke="0" />
                <text font_family="Calibri" font_size="8" font_color="255,255,255,255" font_bold="1" font_shadow="0">
                    <custom_shadow enabled="1" heavy="1" color="100,0,0,0" />
                </text>
            </ground_label>
        </Mark_Demon_Mine>
		<Mark_Furnace_Spinner enabled="1" keywords="snos=353821">
			<ground_label enabled="1" on_screen="1" off_screen="1" text="CAUTION! Spinner">
				<body enabled="1" color="255,0,0,0" stroke="0" />
                <text font_family="Calibri" font_size="8" font_color="255,255,255,255" font_bold="1" font_shadow="0">
                    <custom_shadow enabled="1" heavy="1" color="100,0,0,0" />
                </text>
			</ground_label>
		</Mark_Furnace_Spinner>
		<Mark_Big_Fire_Grate enabled="1" keywords="snos=108012">
			<ground_label enabled="1" on_screen="1" off_screen="1" text="CAUTION! Grate">
				<body enabled="1" color="255,0,0,0" stroke="0" />
                <text font_family="Calibri" font_size="8" font_color="255,255,255,255" font_bold="1" font_shadow="0">
                    <custom_shadow enabled="1" heavy="1" color="100,0,0,0" />
                </text>
			</ground_label>
		</Mark_Big_Fire_Grate>
	</actors>
	<monsters>
		<GCircle_Crusader_King enabled="0" speech_text="" keywords="alive,names=Crusader King">
            <ground_circle enabled="1" radius="55" ping_speed="0" color="192,183,56,250" stroke="1.5" dash="Dash"/>
		</GCircle_Crusader_King>
		<Mark_Keywarden enabled="1" speech_text="default" keywords="alive,keywarden" extra_decorators="deco_fill/map_shape">
			<map_shape enabled="1" radius="6" ping_speed="0" shape="circle" color="180,98,32,143" stroke="0" noshadow="1" />
			<deco_fill enabled="1" radius="6" ping_speed="0" shape="circle" color="180,163,53,238" stroke="0" />
			<ground_label enabled="1" on_screen="1" off_screen="1" text="default">
				<body enabled="1" color="255,163,53,238" stroke="0" />
				<border enabled="1" color="192,255,255,255" stroke="1" />
				<text font_family="Calibri" font_size="8" font_bold="1" font_color="255,255,255,255" font_shadow="0" >
                    <custom_shadow enabled="1" heavy="1" color="100,0,0,0" />
                </text>
			</ground_label>
		</Mark_Keywarden>
		<exploding_grotesque enabled="1" speech_text="" keywords="dead,snos=3847|218307|218308|365450|3848|218405|3849|113994|3850|195639|365465|191592">
			<ground_circle enabled="1" radius="20" ping_speed="0" color="180,105,138,156" stroke="3" dash="Dash" />
			<!--<ground_label enabled="1" on_screen="1" off_screen="0" use_bottom="1" text="{value}" value_format="F1" count_down="3">
                <text font_family="Calibri" font_size="15" font_bold="1" font_shadow="0" font_color="255,105,138,156">
                    <custom_shadow enabled="1" heavy="1" color="100,255,255,255" />
                </text>
            </ground_label>-->
		</exploding_grotesque>
	</monsters>
	<overrides>
	    <!--[ Overrides for Keywardens ]-->
        <override_Keywarden1 enabled="1" file="ui_default_actors_monsters" path="monsters.keywarden.enabled" value="0" />              <!-- Disable Keywarden -->
		<override_Danger enabled="1" file="ui_default_actors_monsters" path="monsters.danger.enabled" value="0" />
        <!--[ Overrides for Monsters ]-->
        <override_WoodWraith1 enabled="1" file="ui_default_actors_monsters" path="monsters.woodwraith.enabled" value="1" />                                  <!-- Enable Wood Wraith Flagging -->
        <override_WoodWraith1 enabled="1" file="ui_default_actors_monsters" path="monsters.exploding_grotesque.enabled" value="0" />                                  <!-- Disable Grotesque Flagging -->
        <override_WoodWraith2 enabled="1" file="ui_default_actors_monsters" path="monsters.woodwraith.map_shape.color" value="180,128,184,37" />                <!-- Set Wood Wraith Monster Dot Color -->
        <override_WretchedMother1 enabled="1" file="ui_default_actors_monsters" path="monsters.wretchedmother.enabled" value="1" />                          <!-- Enable Wretched Mother Flagging -->
        <override_WretchedMother2 enabled="1" file="ui_default_actors_monsters" path="monsters.wretchedmother.map_shape.color" value="180,117,53,104" />        <!-- Set Wretched Mother Monster Dot Color -->
        <override_dead_betrayed1 enabled="1" file="ui_default_actors_monsters" path="monsters.dead_betrayed.enabled" value="1" />                            <!-- Enable Betrayed On-Death Poison Gas Flagging -->
        <override_dead_betrayed2 enabled="1" file="ui_default_actors_monsters" path="monsters.dead_betrayed.ground_circle.radius" value="4" />               <!-- Set Betrayed On-Death Poison Gas Ground Circle Size -->
        <override_InvisibleCir enabled="1" file="ui_default_actors_monsters" path="monsters.invisible.ground_circle.color" value="150,184,106,29" />        <!-- Set Wretched Mother Monster Dot Color -->
        <override_InvisibleMap enabled="1" file="ui_default_actors_monsters" path="monsters.invisible.map_shape.color" value="150,184,106,29" />        <!-- Set Wretched Mother Monster Dot Color -->
		<override_Elite_Champion_Color enabled="1" file="ui_default_actors_monsters" path="monsters.elite_champion.map_shape.color" value="180,106,105,253" />
		<override_Elite_Minion_Color enabled="1" file="ui_default_actors_monsters" path="monsters.elite_minion.map_shape.color" value="180,157,157,17" />
		<override_Elite_Leader_Color enabled="1" file="ui_default_actors_monsters" path="monsters.elite_leader.map_shape.color" value="180,235,234,68" />
		<override_Elite_Unique_Color enabled="1" file="ui_default_actors_monsters" path="monsters.elite_unique.map_shape.color" value="180,141,73,188" />
		<override_Elite_Boss_Color enabled="1" file="ui_default_actors_monsters" path="monsters.boss.map_shape.color" value="180,141,73,188" />
	</overrides>
</config>