﻿<?xml version="1.0" encoding="utf-8"?>
<config>
	<constants>
		<x0 value="85.5" />
		<x1 value="87" />
		<x2 value="88.5" />
		<x3 value="90" />
		<x4 value="91.5" />
		<x5 value="93" />
	</constants>
	<templates>
		<default enabled="1">
			<position y="98.1" w="1.5" h="1.9" container="" />
			<border enabled="1" color="180,46,39,27" stroke="2.5" />
            <title font_family="Calibri" font_size="8" font_color="255,255,255,255" font_bold="0" font_shadow="0" font_halign="Center"> <!-- Default Box Font  -->
                <custom_shadow enabled="1" heavy="1" color="150,0,0,0" />                                                                  <!-- Text Outline -->
            </title>
			<conditions only_in_town="1" />
		</default>
	</templates>

	<labels>
<!--all-->
		<elite template="default" expression="*dmg-dealt-bonus-elite" hint="elite damage %">
			<position x="::x0" />
			<body color="180,255,148,20" />
		</elite>
<!--Monk-->
		<physicalmonk template="default" expression="*dmg-dealt-bonus-ph" hint="physical damage %">
			<position x="::x1" />
			<body color="180,155,6,0" />
			<conditions class="monk" />
		</physicalmonk>
		<firemonk template="default" expression="*dmg-dealt-bonus-f" hint="fire damage %">
			<position x="::x2" />
			<body color="180,183,57,7" />
			<conditions class="monk" />
		</firemonk>
		<lightningmonk template="default" expression="*dmg-dealt-bonus-l" hint="lightning damage %">
			<position x="::x3" />
			<body color="180,0,38,119" />
			<conditions class="monk" />
		</lightningmonk>
		<coldmonk template="default" expression="*dmg-dealt-bonus-c" hint="cold damage %">
			<position x="::x4" />
			<body color="180,77,102,155" />
			<conditions class="monk" />
		</coldmonk>
		<holymonk template="default" expression="*dmg-dealt-bonus-h" hint="holy damage %">
			<position x="::x5" />
			<body color="180,190,117,0" />
			<conditions class="monk" />
		</holymonk>
	<!--Wizard-->
		<firewiz template="default" expression="*dmg-dealt-bonus-f" hint="fire damage %">
			<position x="::x1" />
			<body color="180,183,57,7" />
			<conditions class="wizard" />
		</firewiz>
		<lightningwiz template="default" expression="*dmg-dealt-bonus-l" hint="lightning damage %">
			<position x="::x2" />
			<body color="180,0,38,119" />
			<conditions class="wizard" />
		</lightningwiz>
		<coldwiz template="default" expression="*dmg-dealt-bonus-c" hint="cold damage %">
			<position x="::x3" />
			<body color="180,77,102,155" />
			<conditions class="wizard" />
		</coldwiz>
		<arcanewiz template="default" expression="*dmg-dealt-bonus-a" hint="arcane damage %">
			<position x="::x4" />
			<body color="180,138,0,94" />
			<conditions class="wizard" />
		</arcanewiz>
	<!--DemonHunter-->
		<physicaldh template="default" expression="*dmg-dealt-bonus-ph" hint="physical damage %">
			<position x="::x1" />
			<body color="180,155,6,0" />
			<conditions class="demonhunter" />
		</physicaldh>
		<firedh template="default" expression="*dmg-dealt-bonus-f" hint="fire damage %">
			<position x="::x2" />
			<body color="180,183,57,7" />
			<conditions class="demonhunter" />
		</firedh>
		<lightningdh template="default" expression="*dmg-dealt-bonus-l" hint="lightning damage %">
			<position x="::x3" />
			<body color="180,0,38,119" />
			<conditions class="demonhunter" />
		</lightningdh>
		<colddh template="default" expression="*dmg-dealt-bonus-c" hint="cold damage %">
			<position x="::x4" />
			<body color="180,77,102,155" />
			<conditions class="demonhunter" />
		</colddh>
<!--Barbarian-->
		<physicalbarb template="default" expression="*dmg-dealt-bonus-ph" hint="physical damage %">
			<position x="::x1" />
			<body color="180,155,6,0" />
			<conditions class="barbarian" />
		</physicalbarb>
		<firebarb template="default" expression="*dmg-dealt-bonus-f" hint="fire damage %">
			<position x="::x2" />
			<body color="180,183,57,7" />
			<conditions class="barbarian" />
		</firebarb>
		<lightningbarb template="default" expression="*dmg-dealt-bonus-l" hint="lightning damage %">
			<position x="::x3" />
			<body color="180,0,38,119" />
			<conditions class="barbarian" />
		</lightningbarb>
		<coldbarb template="default" expression="*dmg-dealt-bonus-c" hint="cold damage %">
			<position x="::x4" />
			<body color="180,77,102,155" />
			<conditions class="barbarian" />
		</coldbarb>
<!--Crusader-->
		<physicalcru template="default" expression="*dmg-dealt-bonus-ph" hint="physical damage %">
			<position x="::x1" />
			<body color="180,155,6,0" />
			<conditions class="crusader" />
		</physicalcru>
		<firecru template="default" expression="*dmg-dealt-bonus-f" hint="fire damage %">
			<position x="::x2" />
			<body color="180,183,57,7" />
			<conditions class="crusader" />
		</firecru>
		<lightningcru template="default" expression="*dmg-dealt-bonus-l" hint="lightning damage %">
			<position x="::x3" />
			<body color="180,0,38,119" />
			<conditions class="crusader" />
		</lightningcru>
		<holycru template="default" expression="*dmg-dealt-bonus-h" hint="holy damage %">
			<position x="::x4" />
			<body color="180,190,117,0" />
			<conditions class="crusader" />
		</holycru> 
<!--Witchdoctor-->
		<physicalwd template="default" expression="*dmg-dealt-bonus-ph" hint="physical damage %">
			<position x="::x1" />
			<body color="180,155,6,0" />
			<conditions class="witchdoctor" />
		</physicalwd>
		<firewd template="default" expression="*dmg-dealt-bonus-f" hint="fire damage %">
			<position x="::x2" />
			<body color="180,183,57,7" />
			<conditions class="witchdoctor" />
		</firewd>
		<coldwd template="default" expression="*dmg-dealt-bonus-c" hint="cold damage %">
			<position x="::x3" />
			<body color="180,77,102,155" />
			<conditions class="witchdoctor" />
		</coldwd>
		<poisonwd template="default" expression="*dmg-dealt-bonus-p" hint="poison damage %">
			<position x="::x4" />
			<body color="180,50,106,21" />
			<conditions class="witchdoctor" />
		</poisonwd>
</labels>
</config>