﻿<?xml version="1.0" encoding="utf-8"?>
<config>

	<!-- !!! DO NOT MODIFY THIS FILE !!! -->
	<!-- You have to put your UI customization elements into \config\ui_user folder -->

	<templates>
	</templates>

	<labels>

		<!-- ingame clock -->
		<ingame_clock enabled="1" expression="*ingame-clock" after_clip="0">
			<position x="85" y="100" w="15" h="70" container="Root.NormalLayer.minimap_dialog_backgroundScreen.minimap_dialog_pve.BoostWrapper.BoostsDifficultyStackPanel.clock" />
			<title font_family="tahoma" font_size="7" font_bold="0" font_color="255,255,235,170" font_shadow="1" font_halign="Right" />
		</ingame_clock>

		<!-- ingame IP -->
		<ingame_ip enabled="1" expression="*ingame-ip" after_clip="0">
			<position x="85" y="170" w="15" h="70" container="Root.NormalLayer.minimap_dialog_backgroundScreen.minimap_dialog_pve.BoostWrapper.BoostsDifficultyStackPanel.clock" />
			<title font_family="tahoma" font_size="6" font_bold="0" font_color="255,170,150,120" font_shadow="1" font_halign="Right" />
			<conditions only_in_town="1" />
		</ingame_ip>

		<!-- latency average (equals to D3's latency value which is the average of the last 5 measured latency values) (usually the last 25 seconds) -->
		<latency_average enabled="1" expression="*ingame-latency-average" after_clip="0" hint="average latency">
			<position x="50" y="59" w="1000" h="20" container="Root.NormalLayer.game_dialog_backgroundScreenPC.latency_meter" />
			<title font_family="tahoma" font_size="7" font_bold="0" font_color="255,150,200,150" font_shadow="1" font_halign="Left" />
		</latency_average>

		<!-- latency (the last measured latency) (usually the last 5 seconds) -->
		<latency_current enabled="1" expression="*ingame-latency-current" after_clip="0" hint="current latency">
			<position x="50" y="80" w="1000" h="20" container="Root.NormalLayer.game_dialog_backgroundScreenPC.latency_meter" />
			<title font_family="tahoma" font_size="7" font_bold="0" font_color="255,150,200,150" font_shadow="1" font_halign="Left" />
		</latency_current>

		<dps_cur_party enabled="0" expression="*dps-cur-party" hint="current DPS of the party">
			<position x="0" y="100" w="100" h="12" container="*portrait-bottom" />
			<title font_family="tahoma" font_size="6" font_bold="1" font_color="255,0,180,255" font_shadow="1" font_halign="Center" />
			<conditions only_out_town="0" only_multiplayer="1" />
		</dps_cur_party>

		<dps_run_party enabled="0" expression="*dps-run-party" hint="run DPS of the party">
			<position x="0" y="112" w="100" h="12" container="*portrait-bottom" />
			<title font_family="tahoma" font_size="6" font_bold="1" font_color="255,0,180,255" font_shadow="1" font_halign="Center" />
			<conditions only_out_town="0" only_multiplayer="1" />
		</dps_run_party>

		<monster_damage enabled="1" expression="*monster-damage" hint="DPS dealt to monsters">
			<position x="0" y="100" w="100" h="12" container="*portrait-bottom" />
			<title font_family="tahoma" font_size="6" font_bold="1" font_color="255,0,180,255" font_shadow="1" font_halign="Center" />
			<conditions only_out_town="0" only_multiplayer="1" />
		</monster_damage>

		<!-- DEPRECTATED - use ui_default_main.xml\<rifts> instead -->
		<rift_info_pct enabled="0" expression="*rift-info-pct" hint="">
			<position x="5" y="0" w="90" h="100" container="Root.NormalLayer.eventtext_bkgrnd.eventtext_region.stackpanel.rift_wrapper.rift_container.rift_progress_bar" />
			<title font_family="tahoma" font_size="6" font_bold="0" font_color="255,255,255,255" font_shadow="1" font_halign="Left">
				<custom_shadow enabled="1" heavy="1" color="255,0,0,0" />
			</title>
			<conditions only_rift="1" />
		</rift_info_pct>

		<!-- DEPRECTATED - use ui_default_main.xml\<rifts> instead -->
		<greater_rift_info_pct enabled="0" expression="*greater-rift-info-pct" hint="">
			<position x="5" y="0" w="90" h="100" container="Root.NormalLayer.eventtext_bkgrnd.eventtext_region.stackpanel.rift_wrapper.greater_rift_container.rift_progress_bar" />
			<title font_family="tahoma" font_size="6" font_bold="0" font_color="255,255,255,255" font_shadow="1" font_halign="Left">
				<custom_shadow enabled="1" heavy="1" color="255,0,0,0" />
			</title>
			<conditions only_greater_rift="1" />
		</greater_rift_info_pct>

		<!-- DEPRECTATED - use ui_default_main.xml\<rifts> instead -->
		<greater_rift_info_timer enabled="0" expression="*greater-rift-timer" hint="">
			<position x="5" y="0" w="90" h="100" container="Root.NormalLayer.eventtext_bkgrnd.eventtext_region.stackpanel.rift_wrapper.greater_rift_container.rift_progress_bar" />
			<title font_family="tahoma" font_size="6" font_bold="0" font_color="255,255,255,255" font_shadow="1" font_halign="Right">
				<custom_shadow enabled="1" heavy="1" color="255,0,0,0" />
			</title>
			<conditions only_greater_rift="1" />
		</greater_rift_info_timer>


		<inventory_free_space_red enabled="1" expression="*inventory-free-space-red" hint="free space in inventory">
			<position x="64.47" y="89" w="2" h="11" container="Root.NormalLayer.game_dialog_backgroundScreenPC.game_window_hud_overlay" />
			<title font_family="tahoma" font_size="9" font_bold="1" font_color="255,255,100,100" font_shadow="0" font_halign="Center">
				<custom_shadow enabled="1" heavy="1" color="255,0,0,0" />
			</title>
		</inventory_free_space_red>

		<inventory_free_space_yellow enabled="1" expression="*inventory-free-space-yellow" hint="free space in inventory">
			<position x="64.47" y="89" w="2" h="11" container="Root.NormalLayer.game_dialog_backgroundScreenPC.game_window_hud_overlay" />
			<title font_family="tahoma" font_size="7" font_bold="1" font_color="255,250,255,100" font_shadow="0" font_halign="Center" />
		</inventory_free_space_yellow>

		<inventory_free_space_green enabled="1" expression="*inventory-free-space-green" hint="free space in inventory">
			<position x="64.47" y="89" w="2" h="11" container="Root.NormalLayer.game_dialog_backgroundScreenPC.game_window_hud_overlay" />
			<title font_family="tahoma" font_size="7" font_bold="0" font_color="255,0,170,0" font_shadow="0" font_halign="Center" />
		</inventory_free_space_green>


		<token_blood_shard_red enabled="1" expression="*token-blood-shard-red" hint="amount of blood shards">
			<position x="68.32" y="89" w="2" h="11" container="Root.NormalLayer.game_dialog_backgroundScreenPC.game_window_hud_overlay" />
			<title font_family="tahoma" font_size="7" font_bold="1" font_color="255,255,100,100" font_shadow="0" font_halign="Center">
				<custom_shadow enabled="1" heavy="1" color="255,0,0,0" />
			</title>
		</token_blood_shard_red>

		<token_blood_shard_yellow enabled="1" expression="*token-blood-shard-yellow" hint="amount of blood shards">
			<position x="68.32" y="89" w="2" h="11" container="Root.NormalLayer.game_dialog_backgroundScreenPC.game_window_hud_overlay" />
			<title font_family="tahoma" font_size="7" font_bold="1" font_color="255,250,255,100" font_shadow="0" font_halign="Center" />
		</token_blood_shard_yellow>

		<token_blood_shard_green enabled="1" expression="*token-blood-shard-green" hint="amount of blood shards">
			<position x="68.32" y="89" w="2" h="11" container="Root.NormalLayer.game_dialog_backgroundScreenPC.game_window_hud_overlay" />
			<title font_family="tahoma" font_size="7" font_bold="0" font_color="255,0,170,0" font_shadow="0" font_halign="Center" />
		</token_blood_shard_green>


		<exp_over_bar_a enabled="1" expression="*exp-in-this-level-nok" container="Root.NormalLayer.game_dialog_backgroundScreenPC.game_window_hud_overlay">
			<position x="41.7" y="45" w="8" h="11" container="Root.NormalLayer.game_dialog_backgroundScreenPC.game_window_hud_overlay" />
			<title font_family="tahoma" font_size="5.5" font_bold="0" font_color="255,255,255,255" font_shadow="0" font_halign="Right" />
			<conditions only_at_max_level="1" />
		</exp_over_bar_a>

		<exp_over_bar_b enabled="1" expression="*exp-to-next-level-nok" container="Root.NormalLayer.game_dialog_backgroundScreenPC.game_window_hud_overlay">
			<position x="50.5" y="45" w="8" h="11" container="Root.NormalLayer.game_dialog_backgroundScreenPC.game_window_hud_overlay" />
			<title font_family="tahoma" font_size="5.5" font_bold="0" font_color="255,255,255,255" font_shadow="0" font_halign="Left" />
			<conditions only_at_max_level="1" />
		</exp_over_bar_b>


	</labels>

</config>