﻿<?xml version="1.0" encoding="utf-8"?>
<config>

	<!-- !!! DO NOT MODIFY THIS FILE !!! -->
	<!-- You have to put your UI customization elements into \config\ui_user folder -->

	<templates>
		<default enabled="1" border="1" cooldown_numbers="1">
			<cooldown_fade enabled="1" color="192,0,0,0" stroke="0" />
			<cooldown font_family="tahoma" font_size="8" font_bold="0" font_color="255,255,255,255" font_shadow="1" font_halign="Center">
				<custom_shadow enabled="1" heavy="1" color="255,0,0,0" />
			</cooldown>
			<stack font_family="tahoma" font_size="7" font_bold="0" font_color="255,255,255,255" font_shadow="1" font_halign="Center">
				<custom_shadow enabled="1" heavy="1" color="255,0,0,0" />
			</stack>
		</default>
	</templates>

	<buffs>
		<main_bar is_main_bar="1" template="default" tooltips="1">
			<position x="0" y="0" w="0" h="0" container="-" />
			<rules>
				<Barbarian_Passive_Brawler enabled="0" sno="205133" icon="1" min_icon_count="1" />
				<Barbarian_Passive_BerserkerRage enabled="1" sno="205187" icon="1" min_icon_count="1" />
				<DemonHunter_Passive_SteadyAim enabled="1" sno="164363" icon="1" min_icon_count="1" />
				<DemonHunter_Passive_TacticalAdvantage enabled="1" sno="218385" icon="1" min_icon_count="1" show_cooldown="1" />
				<DemonHunter_Passive_HotPursuit enabled="1" sno="155725" icon="1" min_icon_count="1" show_cooldown="1" />
				<DemonHunter_Passive_Sharpshooter enabled="1" sno="155715" icon="1" min_icon_count="1" show_stack="1" />
				<p1_Monk_Passive_Provocation enabled="0" sno="402633" icon="1" min_icon_count="1" show_stack="1" force_powers_texture="1" force_powers_name="1" />
				<X1_Monk_Passive_MythicRhythm enabled="1" sno="315271" icon="0" min_icon_count="1" force_powers_desc="1" />
				<Monk_Passive_CombinationStrike enabled="1" sno="218415" icon="1" min_icon_count="1" show_cooldown="1" /> <!-- stacks doesn't work because it is not working the usual way -->
				<!--WitchDoctor_Passive_PhysicalAttunement enabled="1" sno="340910" icon="0" min_icon_count="1" show_stack="1" /--> <!-- stacks are not supported by D3 -->
				<WitchDoctor_Passive_RushOfEssence enabled="1" sno="208565" icon="1" min_icon_count="1" show_stack="1" />
				<Wizard_Passive_Illusionist enabled="1" sno="208547" icon="1" min_icon_count="1" show_cooldown="1" />
				<Wizard_Passive_GalvanizingWard enabled="1" sno="208541" icon="1" min_icon_count="1" show_cooldown="1" />
				<X1_Wizard_Passive_UnwaveringWill enabled="1" sno="298038" icon="1" min_icon_count="1" force_powers_texture="1" />
				<Wizard_Familiar enabled="1" sno="99120" icon="*" min_icon_count="1" show_cooldown="1" />
				<MonsterAffix_PlaguedCast enabled="0" sno="231115" icon="10" min_icon_count="1" show_stack="1" /> <!-- currently not working because it has no texture -->
			</rules>
		</main_bar>

		<tal_rasha_meteors enabled="0" template="default" opacity="0.75" ratio="0.75" tooltips="0">
			<position x="10" y="10" w="100" h="100" container="-" />
			<conditions active_buffs="359555/*" />
			<rules>
				<a enabled="1" sno="359555" icon="3" min_icon_count="1" />
				<c enabled="1" sno="359555" icon="4" min_icon_count="1" />
				<f enabled="1" sno="359555" icon="2" min_icon_count="1" />
				<l enabled="1" sno="359555" icon="1" min_icon_count="1" />
			</rules>
			<cooldown font_size="7" />
			<stack font_size="6" />
		</tal_rasha_meteors>

		<!-- possible directions: left_to_right, right_to_left, top_to_bottom, bottom_to_top, horizontal_center, vertical_center -->
		<generic_wizard enabled="0" template="default" border="1" opacity="0.75" ratio="0.75" cooldown_numbers="0" direction="vertical_center" tooltips="0">
			<position x="56.6" y="-7" w="10" h="100" container="-" />
			<rules>
				<Wizard_IceArmor enabled="1" sno="73223" icon="0" min_icon_count="1" show_cooldown="1" />
				<Wizard_StormArmor enabled="1" sno="74499" icon="*" min_icon_count="1" show_cooldown="1" />
				<Wizard_MagicWeapon enabled="1" sno="76108" icon="0" min_icon_count="1" show_cooldown="1" />
				<Wizard_Familiar enabled="1" sno="99120" icon="*" min_icon_count="1" show_cooldown="1" />
				<Wizard_TalRasha_dmg enabled="1" sno="429855" icon="5" min_icon_count="1" show_cooldown="1" />
				<Wizard_EnergyArmor0 enabled="1" sno="86991" icon="0" min_icon_count="1" show_cooldown="1" /> <!-- no rune and force armor -->
				<Wizard_EnergyArmor2 enabled="1" sno="86991" icon="2" min_icon_count="1" show_cooldown="1" /> <!-- Prismatic -->
				<Wizard_EnergyArmor3 enabled="1" sno="86991" icon="3" min_icon_count="1" show_cooldown="1" /> <!-- Absorption-->
				<Wizard_EnergyArmor4 enabled="1" sno="86991" icon="4" min_icon_count="1" show_cooldown="1" /> <!-- Energy Tap -->
				<Wizard_EnergyArmor5 enabled="1" sno="86991" icon="5" min_icon_count="1" show_cooldown="1" /> <!-- Pin Point Barrier -->
				<X1_Wizard_Passive_UnwaveringWill enabled="1" sno="298038" icon="1" min_icon_count="1" force_powers_texture="1" />
				<Wizard_Passive_Illusionist enabled="1" sno="208547" icon="1" min_icon_count="1" show_cooldown="1" />
				<Wizard_Passive_GalvanizingWard enabled="1" sno="208541" icon="1" min_icon_count="1" show_cooldown="1" />
			</rules>
			<cooldown font_size="7" font_color="160,255,255,255">
				<custom_shadow color="160,0,0,0" />
			</cooldown>
			<stack font_size="6" font_color="160,255,255,255">
				<custom_shadow color="160,0,0,0" />
			</stack>
		</generic_wizard>

		<middle1 template="default" opacity="0.75" ratio="0.75" cooldown_numbers="0" direction="horizontal_center" tooltips="0">
			<position x="0" y="54.0" w="100" h="100" container="-" />
			<rules>
				<taeguk enabled="1" sno="403471" icon="*" min_icon_count="1" show_stack="1" show_cooldown="1" />
				<focus enabled="1" sno="359583" icon="1" min_icon_count="1" show_cooldown="1" />
				<restraint enabled="1" sno="359583"  icon="2" min_icon_count="1" show_cooldown="1" />
			</rules>
			<cooldown font_size="7" />
			<stack font_size="6" />
		</middle1>

		<shrines template="default" align_to_center="1" opacity="0.50" ratio="0.75" cooldown_numbers="1" direction="top_to_bottom" tooltips="1">
			<position x="-5.5" y="0" w="100" h="100" container="Root.NormalLayer.minimap_dialog_backgroundScreen.minimap_dialog_pve.minimap_pve_main" />
			<rules>
				<conduit1 enabled="1" sno="263029" icon="*" min_icon_count="1" show_cooldown="1" />
				<conduit2 enabled="1" sno="403404" icon="*" min_icon_count="1" show_cooldown="1" />
				<enlightened1 enabled="1" sno="278269"  icon="*" min_icon_count="1" show_cooldown="1" />
				<enlightened2 enabled="1" sno="30477"  icon="*" min_icon_count="1" show_cooldown="1" />
				<frenzied1 enabled="1" sno="278271"  icon="*" min_icon_count="1" show_cooldown="1" />
				<frenzied2 enabled="1" sno="30479"  icon="*" min_icon_count="1" show_cooldown="1" />
				<fortune1 enabled="1" sno="278270"  icon="*" min_icon_count="1" show_cooldown="1" />
				<fortune2 enabled="1" sno="30478"  icon="*" min_icon_count="1" show_cooldown="1" />
				<blessed2 enabled="1" sno="278268"  icon="*" min_icon_count="1" show_cooldown="1" />
				<blessed2 enabled="1" sno="30476"  icon="*" min_icon_count="1" show_cooldown="1" />
				<channeling enabled="1" sno="266258"  icon="*" min_icon_count="1" show_cooldown="1" />
				<shield enabled="1" sno="266254"  icon="*" min_icon_count="1" show_cooldown="1" />
				<power enabled="1" sno="262935"  icon="*" min_icon_count="1" show_cooldown="1" />
				<speed enabled="1" sno="266271"  icon="*" min_icon_count="1" show_cooldown="1" />
				<empowered enabled="1" sno="260349"  icon="*" min_icon_count="1" show_cooldown="1" />
				<fleeting enabled="1" sno="260348"  icon="*" min_icon_count="1" show_cooldown="1" />
			</rules>
			<cooldown font_size="7" font_color="160,255,255,255">
				<custom_shadow color="160,0,0,0" />
			</cooldown>
		</shrines>

	</buffs>

</config>