﻿<?xml version="1.0" encoding="utf-8"?>
<config>

	<!-- !!! DO NOT MODIFY THIS FILE !!! -->
	<!-- You have to put your UI customization elements into \config\ui_user folder -->

	<templates>

		<default enabled="1">
			<position y="98.1" w="1.5" h="1.9" container="" />
			<body enabled="1" color="160,0,0,0" stroke="0" />
			<border enabled="1" color="255,0,0,0" stroke="2" />
			<title font_family="tahoma" font_size="7.0" font_bold="0" font_color="255,255,255,255" font_shadow="1" font_halign="Center" />
			<conditions only_in_town="1" />
		</default>

	</templates>

	<labels>

		<elite template="default" expression="*dmg-dealt-bonus-elite" hint="elite damage %">
			<position x="88" />
			<body color="180,255,148,20" />
		</elite>

		<physical template="default" expression="*dmg-dealt-bonus-ph" hint="physical damage %">
			<position x="89.5" />
			<body color="180,155,6,0" />
		</physical>

		<fire template="default" expression="*dmg-dealt-bonus-f" hint="fire damage %">
			<position x="91" />
			<body color="180,183,57,7" />
		</fire>

		<lightning template="default" expression="*dmg-dealt-bonus-l" hint="lightning damage %">
			<position x="92.5" />
			<body color="180,0,38,119" />
		</lightning>

		<cold template="default" expression="*dmg-dealt-bonus-c" hint="cold damage %">
			<position x="94" />
			<body color="180,77,102,155" />
		</cold>

		<poison template="default" expression="*dmg-dealt-bonus-p" hint="poison damage %">
			<position x="95.5" />
			<body color="180,50,106,21" />
		</poison>

		<arcane template="default" expression="*dmg-dealt-bonus-a" hint="arcane damage %">
			<position x="97" />
			<body color="180,138,0,94" />
		</arcane>

		<holy template="default" expression="*dmg-dealt-bonus-h" hint="holy damage %">
			<position x="98.5" />
			<body color="180,190,117,0" />
		</holy>

	</labels>

</config>