﻿<?xml version="1.0" encoding="utf-8"?>
<config>

	<!-- !!! DO NOT MODIFY THIS FILE !!! -->
	<!-- You have to put your UI customization elements into \config\ui_user folder -->

	<templates>

		<default enable_skill_dps="1" enabled="1">
			<position x="0" y="0" w="100" h="100" />
			<cooldown font_family="arial" font_size="14" font_bold="1" font_color="255,255,255,255" font_shadow="1" font_halign="Center">
				<custom_shadow enabled="1" heavy="1" color="255,0,0,0" />
			</cooldown>
		</default>

	</templates>

	<powers>

		<potion template="default" slot_index="-1">
			<position container="Root.NormalLayer.game_dialog_backgroundScreenPC.game_potion" />
		</potion>

		<slot0 template="default" slot_index="0">
			<position container="Root.NormalLayer.game_dialog_backgroundScreenPC.game_activeSkillLeft" />
		</slot0>

		<slot1 template="default" slot_index="1">
			<position container="Root.NormalLayer.game_dialog_backgroundScreenPC.game_activeSkillRight" />
		</slot1>

		<slot2 template="default" slot_index="2">
			<position container="Root.NormalLayer.game_dialog_backgroundScreenPC.game_skill_hotbar_1" />
		</slot2>

		<slot3 template="default" slot_index="3">
			<position container="Root.NormalLayer.game_dialog_backgroundScreenPC.game_skill_hotbar_2" />
		</slot3>

		<slot4 template="default" slot_index="4">
			<position container="Root.NormalLayer.game_dialog_backgroundScreenPC.game_skill_hotbar_3" />
		</slot4>

		<slot5 template="default" slot_index="5">
			<position container="Root.NormalLayer.game_dialog_backgroundScreenPC.game_skill_hotbar_4" />
		</slot5>

	</powers>

</config>